date,top_prob,bottom_prob
2017-01-03,,
2017-01-04,,
2017-01-05,,
2017-01-06,,
2017-01-09,,
2017-01-10,,
2017-01-11,,
2017-01-12,,
2017-01-13,,
2017-01-17,,
2017-01-18,,
2017-01-19,,
2017-01-20,,
2017-01-23,,
2017-01-24,,
2017-01-25,,
2017-01-26,,
2017-01-27,,
2017-01-30,,
2017-01-31,,
2017-02-01,,
2017-02-02,,
2017-02-03,,
2017-02-06,,
2017-02-07,,
2017-02-08,,
2017-02-09,,
2017-02-10,,
2017-02-13,,
2017-02-14,,
2017-02-15,,
2017-02-16,,
2017-02-17,,
2017-02-21,,
2017-02-22,,
2017-02-23,,
2017-02-24,,
2017-02-27,,
2017-02-28,,
2017-03-01,,
2017-03-02,,
2017-03-03,,
2017-03-06,,
2017-03-07,,
2017-03-08,,
2017-03-09,,
2017-03-10,,
2017-03-13,,
2017-03-14,,
2017-03-15,,
2017-03-16,,
2017-03-17,,
2017-03-20,,
2017-03-21,,
2017-03-22,,
2017-03-23,,
2017-03-24,,
2017-03-27,,
2017-03-28,,
2017-03-29,,
2017-03-30,,
2017-03-31,,
2017-04-03,,
2017-04-04,,
2017-04-05,,
2017-04-06,,
2017-04-07,,
2017-04-10,,
2017-04-11,,
2017-04-12,,
2017-04-13,,
2017-04-17,,
2017-04-18,,
2017-04-19,,
2017-04-20,,
2017-04-21,,
2017-04-24,,
2017-04-25,,
2017-04-26,,
2017-04-27,,
2017-04-28,,
2017-05-01,,
2017-05-02,,
2017-05-03,,
2017-05-04,,
2017-05-05,,
2017-05-08,,
2017-05-09,,
2017-05-10,,
2017-05-11,,
2017-05-12,,
2017-05-15,,
2017-05-16,,
2017-05-17,,
2017-05-18,,
2017-05-19,,
2017-05-22,,
2017-05-23,,
2017-05-24,,
2017-05-25,,
2017-05-26,,
2017-05-30,,
2017-05-31,,
2017-06-01,,
2017-06-02,,
2017-06-05,,
2017-06-06,,
2017-06-07,,
2017-06-08,,
2017-06-09,,
2017-06-12,,
2017-06-13,,
2017-06-14,,
2017-06-15,,
2017-06-16,,
2017-06-19,,
2017-06-20,,
2017-06-21,,
2017-06-22,,
2017-06-23,,
2017-06-26,,
2017-06-27,,
2017-06-28,,
2017-06-29,,
2017-06-30,,
2017-07-03,,
2017-07-05,,
2017-07-06,,
2017-07-07,,
2017-07-10,,
2017-07-11,,
2017-07-12,,
2017-07-13,,
2017-07-14,,
2017-07-17,,
2017-07-18,,
2017-07-19,,
2017-07-20,,
2017-07-21,,
2017-07-24,,
2017-07-25,,
2017-07-26,,
2017-07-27,,
2017-07-28,,
2017-07-31,,
2017-08-01,,
2017-08-02,,
2017-08-03,,
2017-08-04,,
2017-08-07,,
2017-08-08,,
2017-08-09,,
2017-08-10,,
2017-08-11,,
2017-08-14,,
2017-08-15,,
2017-08-16,,
2017-08-17,,
2017-08-18,,
2017-08-21,,
2017-08-22,,
2017-08-23,,
2017-08-24,,
2017-08-25,,
2017-08-28,,
2017-08-29,,
2017-08-30,,
2017-08-31,,
2017-09-01,,
2017-09-05,,
2017-09-06,,
2017-09-07,,
2017-09-08,,
2017-09-11,,
2017-09-12,,
2017-09-13,,
2017-09-14,,
2017-09-15,,
2017-09-18,,
2017-09-19,,
2017-09-20,,
2017-09-21,,
2017-09-22,,
2017-09-25,,
2017-09-26,,
2017-09-27,,
2017-09-28,,
2017-09-29,,
2017-10-02,,
2017-10-03,,
2017-10-04,,
2017-10-05,,
2017-10-06,,
2017-10-09,,
2017-10-10,,
2017-10-11,,
2017-10-12,,
2017-10-13,,
2017-10-16,,
2017-10-17,,
2017-10-18,,
2017-10-19,,
2017-10-20,,
2017-10-23,,
2017-10-24,,
2017-10-25,,
2017-10-26,,
2017-10-27,,
2017-10-30,,
2017-10-31,,
2017-11-01,,
2017-11-02,,
2017-11-03,,
2017-11-06,,
2017-11-07,,
2017-11-08,,
2017-11-09,,
2017-11-10,,
2017-11-13,,
2017-11-14,,
2017-11-15,,
2017-11-16,,
2017-11-17,,
2017-11-20,,
2017-11-21,,
2017-11-22,,
2017-11-24,,
2017-11-27,,
2017-11-28,,
2017-11-29,,
2017-11-30,,
2017-12-01,,
2017-12-04,,
2017-12-05,,
2017-12-06,,
2017-12-07,,
2017-12-08,,
2017-12-11,,
2017-12-12,,
2017-12-13,,
2017-12-14,,
2017-12-15,,
2017-12-18,,
2017-12-19,,
2017-12-20,,
2017-12-21,,
2017-12-22,,
2017-12-26,,
2017-12-27,,
2017-12-28,,
2017-12-29,,
2018-01-02,,
2018-01-03,,
2018-01-04,,
2018-01-05,,
2018-01-08,,
2018-01-09,,
2018-01-10,,
2018-01-11,,
2018-01-12,,
2018-01-16,,
2018-01-17,,
2018-01-18,,
2018-01-19,,
2018-01-22,,
2018-01-23,,
2018-01-24,,
2018-01-25,,
2018-01-26,,
2018-01-29,,
2018-01-30,,
2018-01-31,,
2018-02-01,,
2018-02-02,,
2018-02-05,,
2018-02-06,,
2018-02-07,,
2018-02-08,,
2018-02-09,,
2018-02-12,,
2018-02-13,,
2018-02-14,,
2018-02-15,,
2018-02-16,,
2018-02-20,,
2018-02-21,,
2018-02-22,,
2018-02-23,,
2018-02-26,,
2018-02-27,,
2018-02-28,,
2018-03-01,,
2018-03-02,,
2018-03-05,,
2018-03-06,,
2018-03-07,,
2018-03-08,,
2018-03-09,,
2018-03-12,,
2018-03-13,,
2018-03-14,,
2018-03-15,,
2018-03-16,,
2018-03-19,,
2018-03-20,,
2018-03-21,,
2018-03-22,,
2018-03-23,,
2018-03-26,,
2018-03-27,,
2018-03-28,,
2018-03-29,,
2018-04-02,,
2018-04-03,,
2018-04-04,,
2018-04-05,,
2018-04-06,,
2018-04-09,,
2018-04-10,,
2018-04-11,,
2018-04-12,,
2018-04-13,,
2018-04-16,,
2018-04-17,,
2018-04-18,,
2018-04-19,,
2018-04-20,,
2018-04-23,,
2018-04-24,,
2018-04-25,,
2018-04-26,,
2018-04-27,,
2018-04-30,,
2018-05-01,,
2018-05-02,,
2018-05-03,,
2018-05-04,,
2018-05-07,,
2018-05-08,,
2018-05-09,,
2018-05-10,,
2018-05-11,,
2018-05-14,,
2018-05-15,,
2018-05-16,,
2018-05-17,,
2018-05-18,,
2018-05-21,,
2018-05-22,,
2018-05-23,,
2018-05-24,,
2018-05-25,,
2018-05-29,,
2018-05-30,,
2018-05-31,,
2018-06-01,,
2018-06-04,,
2018-06-05,,
2018-06-06,,
2018-06-07,,
2018-06-08,,
2018-06-11,,
2018-06-12,,
2018-06-13,,
2018-06-14,,
2018-06-15,,
2018-06-18,,
2018-06-19,,
2018-06-20,,
2018-06-21,,
2018-06-22,,
2018-06-25,,
2018-06-26,,
2018-06-27,,
2018-06-28,,
2018-06-29,,
2018-07-02,,
2018-07-03,,
2018-07-05,,
2018-07-06,,
2018-07-09,,
2018-07-10,,
2018-07-11,,
2018-07-12,,
2018-07-13,,
2018-07-16,,
2018-07-17,,
2018-07-18,,
2018-07-19,,
2018-07-20,,
2018-07-23,,
2018-07-24,,
2018-07-25,,
2018-07-26,,
2018-07-27,,
2018-07-30,,
2018-07-31,,
2018-08-01,,
2018-08-02,,
2018-08-03,,
2018-08-06,,
2018-08-07,,
2018-08-08,,
2018-08-09,,
2018-08-10,,
2018-08-13,,
2018-08-14,,
2018-08-15,,
2018-08-16,,
2018-08-17,,
2018-08-20,,
2018-08-21,,
2018-08-22,,
2018-08-23,,
2018-08-24,,
2018-08-27,,
2018-08-28,,
2018-08-29,,
2018-08-30,,
2018-08-31,,
2018-09-04,,
2018-09-05,,
2018-09-06,,
2018-09-07,,
2018-09-10,,
2018-09-11,,
2018-09-12,,
2018-09-13,,
2018-09-14,,
2018-09-17,,
2018-09-18,,
2018-09-19,,
2018-09-20,,
2018-09-21,,
2018-09-24,,
2018-09-25,,
2018-09-26,,
2018-09-27,,
2018-09-28,,
2018-10-01,,
2018-10-02,,
2018-10-03,,
2018-10-04,,
2018-10-05,,
2018-10-08,,
2018-10-09,,
2018-10-10,,
2018-10-11,,
2018-10-12,,
2018-10-15,,
2018-10-16,,
2018-10-17,,
2018-10-18,,
2018-10-19,,
2018-10-22,,
2018-10-23,,
2018-10-24,,
2018-10-25,,
2018-10-26,,
2018-10-29,,
2018-10-30,,
2018-10-31,,
2018-11-01,,
2018-11-02,,
2018-11-05,,
2018-11-06,,
2018-11-07,,
2018-11-08,,
2018-11-09,,
2018-11-12,,
2018-11-13,,
2018-11-14,,
2018-11-15,,
2018-11-16,,
2018-11-19,,
2018-11-20,,
2018-11-21,,
2018-11-23,,
2018-11-26,,
2018-11-27,,
2018-11-28,,
2018-11-29,,
2018-11-30,,
2018-12-03,,
2018-12-04,,
2018-12-06,,
2018-12-07,,
2018-12-10,,
2018-12-11,,
2018-12-12,,
2018-12-13,,
2018-12-14,,
2018-12-17,,
2018-12-18,,
2018-12-19,,
2018-12-20,,
2018-12-21,,
2018-12-24,,
2018-12-26,,
2018-12-27,,
2018-12-28,,
2018-12-31,,
2019-01-02,,
2019-01-03,,
2019-01-04,,
2019-01-07,,
2019-01-08,,
2019-01-09,,
2019-01-10,,
2019-01-11,,
2019-01-14,,
2019-01-15,,
2019-01-16,,
2019-01-17,,
2019-01-18,,
2019-01-22,,
2019-01-23,,
2019-01-24,,
2019-01-25,,
2019-01-28,,
2019-01-29,,
2019-01-30,,
2019-01-31,,
2019-02-01,,
2019-02-04,,
2019-02-05,,
2019-02-06,,
2019-02-07,,
2019-02-08,,
2019-02-11,,
2019-02-12,,
2019-02-13,,
2019-02-14,,
2019-02-15,,
2019-02-19,,
2019-02-20,,
2019-02-21,,
2019-02-22,,
2019-02-25,,
2019-02-26,,
2019-02-27,,
2019-02-28,,
2019-03-01,,
2019-03-04,,
2019-03-05,,
2019-03-06,,
2019-03-07,,
2019-03-08,,
2019-03-11,,
2019-03-12,,
2019-03-13,,
2019-03-14,,
2019-03-15,,
2019-03-18,,
2019-03-19,,
2019-03-20,,
2019-03-21,,
2019-03-22,,
2019-03-25,,
2019-03-26,,
2019-03-27,,
2019-03-28,,
2019-03-29,,
2019-04-01,,
2019-04-02,,
2019-04-03,,
2019-04-04,,
2019-04-05,,
2019-04-08,,
2019-04-09,,
2019-04-10,,
2019-04-11,,
2019-04-12,,
2019-04-15,,
2019-04-16,,
2019-04-17,,
2019-04-18,,
2019-04-22,,
2019-04-23,,
2019-04-24,,
2019-04-25,,
2019-04-26,,
2019-04-29,,
2019-04-30,,
2019-05-01,,
2019-05-02,,
2019-05-03,,
2019-05-06,,
2019-05-07,,
2019-05-08,,
2019-05-09,,
2019-05-10,,
2019-05-13,,
2019-05-14,,
2019-05-15,,
2019-05-16,,
2019-05-17,,
2019-05-20,,
2019-05-21,0.004021377273631757,0.006832950522200465
2019-05-22,0.0031437417505436644,0.007457055533700058
2019-05-23,0.004486835622142728,0.023952708281258478
2019-05-24,0.004150090910496224,0.023194055074449715
2019-05-28,0.0029466306621777107,0.01742079603522104
2019-05-29,0.002460159703857351,0.038702376172438734
2019-05-30,0.001958497380114518,0.040090441050600924
2019-05-31,0.0024908568627612006,0.07835990023056544
2019-06-03,0.002850237436649963,0.0630993794079697
2019-06-04,0.0013156943353856438,0.011883659090065743
2019-06-05,0.005064474046656575,0.004771266205090444
2019-06-06,0.010004636153657516,0.003122882380534214
2019-06-07,0.0185955777280437,0.002069034221581507
2019-06-10,0.017101215170394153,0.0017282134977834075
2019-06-11,0.019181036641018532,0.0018995955828452343
2019-06-12,0.01569596704760889,0.001721304510512306
2019-06-13,0.01444491486746933,0.0018826060319530014
2019-06-14,0.008431665615418088,0.0019297170351804626
2019-06-17,0.008182582324082477,0.0021585914313311753
2019-06-18,0.026056293096651292,0.0014401646691308096
2019-06-19,0.015273580701853149,0.0017433797921230958
2019-06-20,0.038534939354447434,0.0016292305452034427
2019-06-21,0.043578744143463875,0.0017262415191306897
2019-06-24,0.062408909285411755,0.001700737096883273
2019-06-25,0.1997542976447001,0.002226884752051183
2019-06-26,0.16233489319008126,0.002190974796022295
2019-06-27,0.05158431196045169,0.0017167690136692222
2019-06-28,0.1148184953616737,0.001646059565574922
2019-07-01,0.2263279816451579,0.0016488043071857218
2019-07-02,0.20443281293635432,0.0012505931542782203
2019-07-03,0.13421669848486253,0.0012018005508177777
2019-07-05,0.11857406124492982,0.0010838041496731724
2019-07-08,0.30144037010177027,0.0011862626944329397
2019-07-09,0.18681065204251734,0.0010197886557640008
2019-07-10,0.2021100070684533,0.001057259874906458
2019-07-11,0.225117703713406,0.000912967664151313
2019-07-12,0.18762805903970725,0.0009705298259596625
2019-07-15,0.13825473678033706,0.0009954346487364137
2019-07-16,0.09359206319678064,0.0010030802886539065
2019-07-17,0.21770530757817888,0.001133160535431708
2019-07-18,0.1253715784887689,0.001274528338979874
2019-07-19,0.09653413788860583,0.0014037093458530367
2019-07-22,0.07269875340837058,0.0015902811327902576
2019-07-23,0.153102976202636,0.0013363868579427624
2019-07-24,0.1353950879699835,0.0012141295503238132
2019-07-25,0.1877549897362253,0.0012218519462201646
2019-07-26,0.1671690235221548,0.0012564470860612716
2019-07-29,0.08505437941177045,0.0011222505158007517
2019-07-30,0.07604272648956832,0.0014280250929737425
2019-07-31,0.13304446026289632,0.0027256154388897494
2019-08-01,0.13227268840637718,0.011429679766044308
2019-08-02,0.07496250450422376,0.013425650984849625
2019-08-05,0.008487895950118174,0.07331182019127971
2019-08-06,0.008938366425969305,0.10911784616095972
2019-08-07,0.005483751215929055,0.2949703035776084
2019-08-08,0.019688583790759415,0.0278437121956412
2019-08-09,0.024924383905715535,0.035622435470314635
2019-08-12,0.02131739798503494,0.3325523941077719
2019-08-13,0.02201041000831012,0.030522424137732197
2019-08-14,0.00737134027614647,0.34457710758426335
2019-08-15,0.0036615908742587623,0.3077332169479457
2019-08-16,0.0025317432311669657,0.062398021997416536
2019-08-19,0.003385469300789602,0.008829726351687793
2019-08-20,0.004204588418366569,0.0067642619747570526
2019-08-21,0.005507844484512393,0.007700335388822081
2019-08-22,0.0057163179901994704,0.006221343990141833
2019-08-23,0.003594159202970845,0.059463039613217195
2019-08-26,0.005488175935833869,0.01817778649005394
2019-08-27,0.004094208705728471,0.01965648674491999
2019-08-28,0.0036209416555244207,0.005751968937056112
2019-08-29,0.006406892962954599,0.006142058478808767
2019-08-30,0.007760730408639491,0.003789927032084021
2019-09-03,0.008486484389162899,0.005422221468779198
2019-09-04,0.010301593907540811,0.0028166629459618255
2019-09-05,0.019866742460904585,0.00273616982351403
2019-09-06,0.023050620321225217,0.002022140872329541
2019-09-09,0.02892697290907376,0.0014804043036516282
2019-09-10,0.016276534555227356,0.0016126949561663646
2019-09-11,0.017586187512841963,0.0015513355708499307
2019-09-12,0.02447140067549856,0.0013155593903291824
2019-09-13,0.028652868833329032,0.0012995226905114278
2019-09-16,0.019981338803858092,0.0016744943503298247
2019-09-17,0.022814020817879883,0.001415597654441822
2019-09-18,0.019326457761326937,0.0016067522097307071
2019-09-19,0.017865338924072643,0.001174153439695822
2019-09-20,0.01240320636879172,0.0013165639261062314
2019-09-23,0.0134814865919221,0.0013098970179832874
2019-09-24,0.014391476230536188,0.0019323454759599783
2019-09-25,0.016835433028885082,0.0017236663941600228
2019-09-26,0.018284551123123684,0.0022528161227817105
2019-09-27,0.024146995506911916,0.0030863932618042014
2019-09-30,0.014648553099528791,0.0018709092411231247
2019-10-01,0.0071626204802375075,0.014233354146167462
2019-10-02,0.0038696166927301226,0.041133326094146515
2019-10-03,0.0032596995271772095,0.06008593424292109
2019-10-04,0.002821174533096249,0.011161950906591563
2019-10-07,0.0023923401967908516,0.013800617948921524
2019-10-08,0.003709013480348192,0.0518991543674163
2019-10-09,0.0062368999182251805,0.019983686004767815
2019-10-10,0.0031821389394128224,0.007035820152294367
2019-10-11,0.004986824530939608,0.002804806693262619
2019-10-14,0.006853240088846443,0.002487732829982102
2019-10-15,0.0060030444585843015,0.0018742897027601531
2019-10-16,0.006384225266521909,0.001902957017566231
2019-10-17,0.008142028580097304,0.0018435132537849865
2019-10-18,0.006781012580997131,0.00183931369319538
2019-10-21,0.007103811934683277,0.00190298967746993
2019-10-22,0.009447984029004002,0.001968641138758525
2019-10-23,0.012621426050583431,0.0014630252130196052
2019-10-24,0.01448098566689329,0.001365908497827837
2019-10-25,0.014704928768501463,0.0011791480728536386
2019-10-28,0.02391649351584686,0.0012996569831032504
2019-10-29,0.01175676190150129,0.001201501082586287
2019-10-30,0.019306276816304428,0.001116508704542757
2019-10-31,0.024096287265867166,0.0010001278136804424
2019-11-01,0.03537735554316956,0.0011946985255760453
2019-11-04,0.06536132955711196,0.001192263235376036
2019-11-05,0.048178916759382885,0.001074822738154549
2019-11-06,0.046620736687506874,0.0008305292455736869
2019-11-07,0.03744285025531002,0.000925279903575857
2019-11-08,0.021596673163068496,0.0009288116895637559
2019-11-11,0.022135354962307327,0.0008599158668235273
2019-11-12,0.06102210110643636,0.0009558698394498753
2019-11-13,0.03994152564357302,0.000992581579542133
2019-11-14,0.027428188327552543,0.001016777632919516
2019-11-15,0.05265173450953884,0.0008966300319760652
2019-11-18,0.034605258726978866,0.0007829734760663182
2019-11-19,0.09372036585642936,0.0009254744562394449
2019-11-20,0.21867518114477313,0.0010474679449646595
2019-11-21,0.11199953706013745,0.001189022382181652
2019-11-22,0.05647236226390915,0.001011644241921787
2019-11-25,0.03956086366576556,0.0010009568503635913
2019-11-26,0.02098638281584039,0.0010032911911365895
2019-11-27,0.02189227251283431,0.0009011124501009368
2019-11-29,0.030236298416642257,0.0009487461913150296
2019-12-02,0.15235165197885148,0.00164918948174885
2019-12-03,0.08226954300664589,0.0027577644554129476
2019-12-04,0.11275139523024978,0.002021905877912194
2019-12-05,0.0484937727409234,0.001546243852808966
2019-12-06,0.08420543532941423,0.0014298937436884164
2019-12-09,0.05362353897803268,0.0015833622477246922
2019-12-10,0.06038832425367709,0.001999156693332329
2019-12-11,0.03631983589545126,0.001744566966796553
2019-12-12,0.14309346747426463,0.0016567831569244743
2019-12-13,0.08408065307133301,0.00117445467673691
2019-12-16,0.16306073396866258,0.0012670710839560965
2019-12-17,0.11174381006771282,0.0009412549877349975
2019-12-18,0.13872142250501626,0.0010370958637107664
2019-12-19,0.07271064087122435,0.0010360148696102788
2019-12-20,0.10871068653786876,0.0014797417589485686
2019-12-23,0.11323613277042988,0.0013333324338340256
2019-12-24,0.09747622398012801,0.001285137757143098
2019-12-26,0.0787634074994057,0.0015708218723063572
2019-12-27,0.08819105556685249,0.0014822706226001459
2019-12-30,0.08258105842797585,0.0014508090149541132
2019-12-31,0.06755482955608016,0.0012424136889646112
2020-01-02,0.23906755021939063,0.0011487583987210828
2020-01-03,0.24946618560989772,0.0011967649078043245
2020-01-06,0.1900807000278912,0.0006990927972119707
2020-01-07,0.22237993090227334,0.0006211683148684942
2020-01-08,0.6116410361167469,0.0006786957978567176
2020-01-09,0.6824089461472463,0.0006470010987545705
2020-01-10,0.6033974192631281,0.0007166818873989303
2020-01-13,0.548555609630789,0.0006349549319188798
2020-01-14,0.4824994180163347,0.0005976578884270659
2020-01-15,0.4320929642147855,0.0005344500773821816
2020-01-16,0.6853677397859786,0.000572812568614816
2020-01-17,0.2815949135458426,0.0005620314644791635
2020-01-21,0.2601294656669085,0.0005950798284107625
2020-01-22,0.2561842331221872,0.000521738752419781
2020-01-23,0.182682430400693,0.0005306839618979533
2020-01-24,0.2687060123521419,0.00064581875739714
2020-01-27,0.23234184861755855,0.0043502762451231155
2020-01-28,0.12886611798946204,0.0017761553314261556
2020-01-29,0.11773957086938514,0.0028229300613933825
2020-01-30,0.09111049573604872,0.0023236055249125347
2020-01-31,0.09267646226435239,0.023461856601578835
2020-02-03,0.03432428442802904,0.011763936612024191
2020-02-04,0.017426096865938184,0.0027476725433361053
2020-02-05,0.0442905054112826,0.0014594601875176744
2020-02-06,0.06339053865240868,0.0013396636539833569
2020-02-07,0.04040475279536478,0.001204847895571582
2020-02-10,0.04951308874385868,0.0012653970419643536
2020-02-11,0.05441214689762638,0.0012889074739294356
2020-02-12,0.056899130101414314,0.001017778947697667
2020-02-13,0.07448760802099254,0.0009347011642486689
2020-02-14,0.08937927741487306,0.000802078825518966
2020-02-18,0.1539775331084197,0.001075229913846491
2020-02-19,0.11843505186471233,0.0008890527912953977
2020-02-20,0.11008838548430705,0.0013827344336892443
2020-02-21,0.18681885891812355,0.002567333402892854
2020-02-24,0.03085389488773485,0.15901385621022457
2020-02-25,0.017283284099839136,0.48995993451463543
2020-02-26,0.012888384876143381,0.631577741192565
2020-02-27,0.007267294209584153,0.737225523303599
2020-02-28,0.006534208340068517,0.742701094138305
2020-03-02,0.004282303817029796,0.7428826253417137
2020-03-03,0.0061857596910525866,0.7339422710380593
2020-03-04,0.0042809406273314945,0.8087966879786584
2020-03-05,0.0027410163199431416,0.6402072137933174
2020-03-06,0.006585955846261587,0.8638290715251961
2020-03-09,0.004100040675542782,0.8806444821431189
2020-03-10,0.0025546501983968847,0.7262068010860969
2020-03-11,0.002008302691757568,0.710606573150443
2020-03-12,0.003479816332610816,0.48580529408721373
2020-03-13,0.004367061752189122,0.3417791224172382
2020-03-16,0.003349290373014695,0.1928327070127165
2020-03-17,0.002357820217048843,0.3252591212075675
2020-03-18,0.00177826827414622,0.15966348820788834
2020-03-19,0.0023559789089055813,0.2571772436742651
2020-03-20,0.003057732884895123,0.15060438120910022
2020-03-23,0.0023604441268472135,0.2025375478932332
2020-03-24,0.0014593440296091062,0.20032656760383136
2020-03-25,0.0016913682480163767,0.1732878788889962
2020-03-26,0.002523440608358846,0.051877598133611535
2020-03-27,0.002349529971505809,0.05057242973147471
2020-03-30,0.0026329948926389784,0.045943570768850785
2020-03-31,0.0033298967993191857,0.05232457490208187
2020-04-01,0.006649085886300164,0.0757856824492573
2020-04-02,0.00510691830344378,0.04204096268061536
2020-04-03,0.0035760273759018386,0.053815697678338464
2020-04-06,0.0038993289055822594,0.034471315689738
2020-04-07,0.0047413311658564385,0.022833329097912868
2020-04-08,0.004722242256650615,0.019992519085905363
2020-04-09,0.003982671495367536,0.014905548641044588
2020-04-13,0.004316440347028807,0.014791664428863779
2020-04-14,0.004872090454070513,0.011539687507369235
2020-04-15,0.00768943629582218,0.0038117074457161195
2020-04-16,0.008085650594267463,0.003185334568089986
2020-04-17,0.005634834362379717,0.0033471901336909835
2020-04-20,0.008288523488331192,0.01372944747242019
2020-04-21,0.015987759186479315,0.010159053240003867
2020-04-22,0.008122874217061255,0.022960296828133876
2020-04-23,0.007487235929748647,0.019672063360591945
2020-04-24,0.004831699601387476,0.014168484844835185
2020-04-27,0.004217085732063844,0.012470424418478789
2020-04-28,0.004656984990829451,0.00903525270110408
2020-04-29,0.003749624010446217,0.011528259908551908
2020-04-30,0.005684383401584353,0.006847632856336597
2020-05-01,0.0064106689650824285,0.013863697217119386
2020-05-04,0.0031689640701174624,0.013910062089207567
2020-05-05,0.0028268758103403417,0.014083727267033852
2020-05-06,0.005083434791337608,0.01299138968151464
2020-05-07,0.003552126681616446,0.011988925519504428
2020-05-08,0.0034873862839054155,0.008307632190017898
2020-05-11,0.004189693304204863,0.00787815276815254
2020-05-12,0.006970339142339667,0.013510092568213491
2020-05-13,0.0052732506923850245,0.05650736812675252
2020-05-14,0.004745315502764612,0.03984833406411962
2020-05-15,0.0029953063639789183,0.014807187486233197
2020-05-18,0.0019934067502200194,0.014762887598313406
2020-05-19,0.0030713896588835353,0.01475480819572412
2020-05-20,0.00207950412120572,0.009770249759544096
2020-05-21,0.004625680555688937,0.00894534590041413
2020-05-22,0.0041231354445983035,0.00937415338496019
2020-05-26,0.0024288708946336437,0.0078043501937723496
2020-05-27,0.003352069448684731,0.009858075148960647
2020-05-28,0.004670154560036523,0.008425955399184592
2020-05-29,0.0019268695340873207,0.006156515133081116
2020-06-01,0.0023698446646808944,0.005707095263372722
2020-06-02,0.0027854900444399706,0.006269433812402056
2020-06-03,0.00333758544092048,0.005926161807308615
2020-06-04,0.0033517417065402053,0.005906005777025905
2020-06-05,0.02142206826075009,0.007256761111903095
2020-06-08,0.03242455981770603,0.007195803379676042
2020-06-09,0.04373101749183223,0.007522069965494646
2020-06-10,0.06990432305160664,0.007301122508385895
2020-06-11,0.01328361640504283,0.005194182939173001
2020-06-12,0.010514920539976769,0.011651869573052828
2020-06-15,0.006749334543101807,0.01407907921710562
2020-06-16,0.006360428035476417,0.014114448804007737
2020-06-17,0.00834802326945838,0.014067584038611594
2020-06-18,0.010011194617650173,0.008046416197558926
2020-06-19,0.01722374804651749,0.014600356246741294
2020-06-22,0.008735520591506599,0.01488028613994898
2020-06-23,0.006523032561617727,0.013098351886865776
2020-06-24,0.009963925197122416,0.027853372027173067
2020-06-25,0.004526217844409,0.02685747079753582
2020-06-26,0.003138234170576301,0.24103111985951645
2020-06-29,0.0042437969944641865,0.2421413083398
2020-06-30,0.003635429673966482,0.22287173124011903
2020-07-01,0.0029495203988289947,0.06327023828502577
2020-07-02,0.00451382283016078,0.02325173036205051
2020-07-06,0.01044085354484973,0.00803558906764761
2020-07-07,0.010660007413004753,0.009846354681653595
2020-07-08,0.014653827062538843,0.006651215213166048
2020-07-09,0.014629666178364364,0.006826709386875744
2020-07-10,0.024209516548348627,0.006893278968304843
2020-07-13,0.024048732444102935,0.00807510566857404
2020-07-14,0.02236140270660067,0.005564070957928081
2020-07-15,0.06673414363683332,0.006868209220421827
2020-07-16,0.11466053494409977,0.005556525040036018
2020-07-17,0.22882354090974164,0.004849114128700395
2020-07-20,0.26253916961768853,0.0043125705291891
2020-07-21,0.35362684432874963,0.0033577447610780922
2020-07-22,0.4206017360002354,0.0035534081055755297
2020-07-23,0.6480839410702052,0.004017411626474332
2020-07-24,0.4168044137870237,0.004877592635776408
2020-07-27,0.5648839518129389,0.0047402003726904314
2020-07-28,0.3151920940334913,0.007169968351496674
2020-07-29,0.3926872760038443,0.006011506377384346
2020-07-30,0.5485813480036766,0.006148074827263715
2020-07-31,0.28242586718147183,0.006035437668641261
2020-08-03,0.27089392543479307,0.004278063829764959
2020-08-04,0.2467889607052782,0.003588533499772439
2020-08-05,0.16206237483082506,0.0035275511839542033
2020-08-06,0.15481069030904168,0.0032234716926651235
2020-08-07,0.26539240856310437,0.0021229546499411563
2020-08-10,0.10952457112811446,0.0017109581292651845
2020-08-11,0.309752420713253,0.00277752104377907
2020-08-12,0.06333088126973303,0.0035880211464686916
2020-08-13,0.2142561011807372,0.0027904982372453035
2020-08-14,0.23677469880792978,0.0024418767967688544
2020-08-17,0.08758228775417576,0.0025572865232805727
2020-08-18,0.2875355503634784,0.0021436804877515802
2020-08-19,0.37830196523926246,0.0021990204494441445
2020-08-20,0.38498727211204536,0.002137271655267996
2020-08-21,0.20196936912796182,0.001955162004315004
2020-08-24,0.32949295055157396,0.0021452734803681234
2020-08-25,0.2900586987547359,0.002240265934649649
2020-08-26,0.3068947067173281,0.0024176294352199344
2020-08-27,0.21969907864416838,0.002745746998045006
2020-08-28,0.2542400213559811,0.0024728127325161
2020-08-31,0.695218156686781,0.0017749391851936893
2020-09-01,0.41335916715419224,0.001753736286814601
2020-09-02,0.3723596045825963,0.002048274847338404
2020-09-03,0.5110151316301468,0.005233619083214132
2020-09-04,0.15415765708508392,0.013396769652465028
2020-09-08,0.03604233449521075,0.07556340099905466
2020-09-09,0.03902731455292702,0.20191839728478736
2020-09-10,0.01533081115270944,0.30097648632051927
2020-09-11,0.01814212178397599,0.5148328948986217
2020-09-14,0.010494617506479113,0.2888604911784693
2020-09-15,0.00931757222331834,0.19278777928046376
2020-09-16,0.010989653980622122,0.19616910133575619
2020-09-17,0.017280190308118493,0.2009120724061998
2020-09-18,0.018295167574950935,0.42432291831299446
2020-09-21,0.012705475442646065,0.46540555039382353
2020-09-22,0.01403366725703871,0.2517469630405838
2020-09-23,0.0037784870454479007,0.4081924582446779
2020-09-24,0.004077701922193492,0.5261858192689469
2020-09-25,0.012248472398491394,0.36375965545080974
2020-09-28,0.015002026404747319,0.08998696968716187
2020-09-29,0.022358656467797684,0.09714593276722672
2020-09-30,0.017494348865970757,0.019392677920535974
2020-10-01,0.019865057223558084,0.011978584322927005
2020-10-02,0.027668207629182307,0.01951523234433673
2020-10-05,0.02325653039153742,0.014203278919903757
2020-10-06,0.04975698186137837,0.016621893292099493
2020-10-07,0.13864695373093794,0.009259762949729662
2020-10-08,0.04829546079166547,0.008705353879717909
2020-10-09,0.05033635593213235,0.005190403728423536
2020-10-12,0.08273957576701367,0.006105750920902393
2020-10-13,0.15217969242453605,0.004434802259159382
2020-10-14,0.16863507145577053,0.0051352265398311924
2020-10-15,0.13988174942662732,0.0033363378614016982
2020-10-16,0.1355404375103464,0.004352518863666644
2020-10-19,0.21921400437045843,0.005406757772845231
2020-10-20,0.165297782705187,0.007312583689270492
2020-10-21,0.27772293590540986,0.00713428645564958
2020-10-22,0.20555166810624778,0.009401214029831847
2020-10-23,0.20278187908994313,0.012797777004685014
2020-10-26,0.15596604634460218,0.09916527634233853
2020-10-27,0.2077223388393583,0.04475819232203641
2020-10-28,0.02645071115063825,0.026751990138153815
2020-10-29,0.04472536513866007,0.10230818027535123
2020-10-30,0.014062089488116292,0.08962058592185944
2020-11-02,0.008092313882742947,0.159786289636117
2020-11-03,0.018504377508801698,0.15832099673529243
2020-11-04,0.03866453919249133,0.020873868961008717
2020-11-05,0.051857914685142496,0.008172140559357425
2020-11-06,0.05796528930266031,0.006248900126429385
2020-11-09,0.04851394077186035,0.007316137500675365
2020-11-10,0.05886816679230448,0.008129815370897303
2020-11-11,0.05855909023584007,0.008260217064880818
2020-11-12,0.1217057434835976,0.00880865920809862
2020-11-13,0.09479399151150063,0.007781466761711595
2020-11-16,0.09578597668671862,0.007455683892338388
2020-11-17,0.08912285271931608,0.0072543795923469614
2020-11-18,0.38806880181959397,0.005745770764101811
2020-11-19,0.3779670828312242,0.006187154195804126
2020-11-20,0.33911409758850497,0.007142315226119742
2020-11-23,0.31850591927086197,0.00667840188888066
2020-11-24,0.31144726103613835,0.0061834761944267085
2020-11-25,0.53660763630749,0.004050425473819469
2020-11-27,0.6036887504315974,0.004126677532507036
2020-11-30,0.8360543333525999,0.0037034890003101377
2020-12-01,0.6948567915356221,0.004108344962415114
2020-12-02,0.7552402734440523,0.004131671648067656
2020-12-03,0.7772804439022409,0.003955175083045341
2020-12-04,0.6790890709978212,0.0036902549822340294
2020-12-07,0.8169413726320102,0.003079287710608916
2020-12-08,0.7735933325359365,0.002372355836561437
2020-12-09,0.8857918950944387,0.002396954396697534
2020-12-10,0.8566674885927554,0.003181358475319194
2020-12-11,0.6018053637203399,0.005808721927780138
2020-12-14,0.5908630262957362,0.01170149322952122
2020-12-15,0.38650718696423386,0.007166918597590776
2020-12-16,0.27912491605543727,0.006394382750287395
2020-12-17,0.42203540774563014,0.00495875064473758
2020-12-18,0.09642303882763692,0.005450222261464026
2020-12-21,0.25669921775365484,0.008978286344633317
2020-12-22,0.2350745968734175,0.010188789950257392
2020-12-23,0.1599008829802779,0.007804041890513789
2020-12-24,0.03941450153270281,0.004799917009092871
2020-12-28,0.05030915268107546,0.00424493249511241
2020-12-29,0.051798484561409903,0.0034690789996432527
2020-12-30,0.05411215722010462,0.0028523323932475985
2020-12-31,0.14061340312375534,0.0023166107276260434
2021-01-04,0.08568972178533192,0.00936989933965237
2021-01-05,0.0899089223915221,0.006679559873057984
2021-01-06,0.16754780577170103,0.005703766930425947
2021-01-07,0.1329179553257256,0.003421969270189324
2021-01-08,0.1973920749386564,0.002813949723742399
2021-01-11,0.23815203321419534,0.0022576350080508287
2021-01-12,0.31661311031748895,0.0025773510972272053
2021-01-13,0.3798819109756537,0.0027124934508956366
2021-01-14,0.4419481521810857,0.0027605967399385524
2021-01-15,0.4146939573510824,0.004378394289897136
2021-01-19,0.3157589322025536,0.004254200331128801
2021-01-20,0.34454767419757865,0.003859879099921829
2021-01-21,0.3672800483929486,0.0029396456891272703
2021-01-22,0.37722047313543366,0.002536135849035103
2021-01-25,0.48267455494262274,0.002823364194828115
2021-01-26,0.5146886687711835,0.002434499508078905
2021-01-27,0.33698885071685486,0.028195973682944794
2021-01-28,0.1397008723493541,0.01566616688561108
2021-01-29,0.061626097616473786,0.15570286182508433
2021-02-01,0.0248825021701171,0.017290546726146404
2021-02-02,0.025110860412836403,0.006929707666906297
2021-02-03,0.028339935827705883,0.005256419627951541
2021-02-04,0.12047307029753822,0.0038109122371028175
2021-02-05,0.07589442016402953,0.002888607353867504
2021-02-08,0.11114321505347897,0.003272701034555132
2021-02-09,0.09851541331314427,0.0027868214869738207
2021-02-10,0.20341401924003288,0.0032282196540316895
2021-02-11,0.06503645721303011,0.0031964293351606755
2021-02-12,0.05272220373459303,0.002764543979819595
2021-02-16,0.1373642263024566,0.0026637705990082508
2021-02-17,0.15007840234043063,0.002787938067497332
2021-02-18,0.2257695650017885,0.0026610934110292386
2021-02-19,0.2236812001327347,0.002363324583127017
2021-02-22,0.23873274964767321,0.004441698460324516
2021-02-23,0.18177307768162987,0.010351377592854108
2021-02-24,0.14216323190452973,0.0070651817819369885
2021-02-25,0.1050152777724029,0.13775958432900104
2021-02-26,0.0589662179863033,0.041854106041128956
2021-03-01,0.09644610772320938,0.01678268657593453
2021-03-02,0.07576229164199726,0.019139764984672687
2021-03-03,0.03354317498766949,0.12762952068694636
2021-03-04,0.04083705390206399,0.24050293326220615
2021-03-05,0.00868446424813458,0.08613755603568402
2021-03-08,0.012674172136235064,0.09614251556801527
2021-03-09,0.008823078648374354,0.02436394986603771
2021-03-10,0.015685553724398605,0.008073382745515783
2021-03-11,0.025425231260214076,0.001603110448726114
2021-03-12,0.04155016388275526,0.0013103810904688176
2021-03-15,0.05350101798291429,0.0012127700828104
2021-03-16,0.09559913560758071,0.001008886990393934
2021-03-17,0.08399609883633008,0.0009661596160418657
2021-03-18,0.24378378643874657,0.0015306929837824973
2021-03-19,0.30712146998931306,0.0018486714037614438
2021-03-22,0.1567428640854046,0.0012709561153768523
2021-03-23,0.19343771875529125,0.0019295010030322011
2021-03-24,0.23650334972253673,0.005381601141954646
2021-03-25,0.1054624431254394,0.004115342532325947
2021-03-26,0.1368522812345477,0.0020206085149614837
2021-03-29,0.147723970069868,0.000976503217560121
2021-03-30,0.2053702943570875,0.0008152114942881478
2021-03-31,0.30578355113349676,0.0008637529410225961
2021-04-01,0.27802392990005137,0.0007731608579260553
2021-04-05,0.6973238545080255,0.0011927070860670056
2021-04-06,0.5142107409327882,0.0008361050264957658
2021-04-07,0.39758029632923453,0.0006696977031531902
2021-04-08,0.6533599354018002,0.0005313483689156975
2021-04-09,0.5655405604513295,0.0005612432569583984
2021-04-12,0.524611760146701,0.00043323143182554213
2021-04-13,0.550283816726438,0.0003855314489515057
2021-04-14,0.7540967318702947,0.00037058247733590485
2021-04-15,0.3934010331887243,0.00043514961862808053
2021-04-16,0.5283846781394773,0.0004116700771420496
2021-04-19,0.15657873493959357,0.0004496993352156515
2021-04-20,0.40860662041809553,0.0007176039609712743
2021-04-21,0.30431947296115475,0.0007416896374661157
2021-04-22,0.33084510663900485,0.0017550244780771892
2021-04-23,0.2996645270154501,0.0024514722705573054
2021-04-26,0.26918238094155333,0.0019474321256933603
2021-04-27,0.21458413892388264,0.0016822177616181953
2021-04-28,0.18969101149259385,0.001456206989202972
2021-04-29,0.08369297650535934,0.001291810631683236
2021-04-30,0.07870844568008768,0.002476444439031798
2021-05-03,0.1454672705824102,0.001978624090129839
2021-05-04,0.0633544563854317,0.003294694187277193
2021-05-05,0.08489918501278065,0.004083784435262362
2021-05-06,0.06976749968554417,0.002445099372694303
2021-05-07,0.06895624833015632,0.0015102135533982795
2021-05-10,0.09931138922205801,0.004123260791463843
2021-05-11,0.14708338263421517,0.021190946929985535
2021-05-12,0.03353442055274546,0.1992454629004694
2021-05-13,0.03782374137125577,0.1182395715625459
2021-05-14,0.023401867147536948,0.041587543389621805
2021-05-17,0.028323244408794277,0.030968203151380293
2021-05-18,0.08424950689487497,0.07416767145060045
2021-05-19,0.10029036966194586,0.07629492553889673
2021-05-20,0.03710884715705622,0.014809875760362719
2021-05-21,0.024626666581210602,0.006860386203690336
2021-05-24,0.019581835128113317,0.0017552488206628726
2021-05-25,0.05531377777453416,0.0009536230167278857
2021-05-26,0.04327689806844707,0.0008814346578075389
2021-05-27,0.07555336035001986,0.0005573103577571548
2021-05-28,0.08623074903036267,0.0005698055766035424
2021-06-01,0.272209499973306,0.000568510649837475
2021-06-02,0.18427737383086007,0.0005775848284669372
2021-06-03,0.29472597233740405,0.0014037888027830946
2021-06-04,0.37183664075001593,0.0015138435368147556
2021-06-07,0.34810042048934786,0.0012499497563553642
2021-06-08,0.14600677971953183,0.0012224119862525456
2021-06-09,0.24709854354570612,0.0014956104149023977
2021-06-10,0.15383850872108049,0.0011066440617566245
2021-06-11,0.13422094827532297,0.00098302242909222
2021-06-14,0.05336098781105044,0.0010112400224719434
2021-06-15,0.038196666727669616,0.0011007234680542233
2021-06-16,0.15224751514999912,0.0014011959516827205
2021-06-17,0.1247064811889285,0.001758402328857293
2021-06-18,0.11013816120735452,0.017143800061963883
2021-06-21,0.08889594418001556,0.006642684000967341
2021-06-22,0.09721700261791426,0.003690933295701989
2021-06-23,0.06527116058573362,0.0020914276995377024
2021-06-24,0.04982537566328687,0.0018468076098733363
2021-06-25,0.04981503064030555,0.0008719405628234162
2021-06-28,0.05205775152511082,0.0009073398569816746
2021-06-29,0.15148962627346862,0.000775176740097553
2021-06-30,0.11991699767254833,0.0007903341226831802
2021-07-01,0.05033118156312503,0.0008342224712217577
2021-07-02,0.04312778592226126,0.0008512780372275435
2021-07-06,0.05557744422890467,0.0009090465228219104
2021-07-07,0.05189026177726275,0.0011251721682691306
2021-07-08,0.20725835273470716,0.001861391174048753
2021-07-09,0.29694340025549165,0.0017023298678559135
2021-07-12,0.1671737469414358,0.001256891390150641
2021-07-13,0.11655884766752748,0.0014729808240543476
2021-07-14,0.16031394370908145,0.0012889353763944598
2021-07-15,0.25296389475439734,0.001152452567444846
2021-07-16,0.3470545253267184,0.0018902811781584998
2021-07-19,0.07099145982032289,0.03829756566898405
2021-07-20,0.041937039538094245,0.0043083398288675905
2021-07-21,0.07595464163605965,0.0037451492371632263
2021-07-22,0.12354549910012713,0.0016301499223936465
2021-07-23,0.12964848927754993,0.0013854638874550359
2021-07-26,0.2579970873592213,0.0005212336265067552
2021-07-27,0.26571535631348703,0.0006363701114979464
2021-07-28,0.17272238226200967,0.0006678789204302067
2021-07-29,0.08916773632618939,0.0006498369769296382
2021-07-30,0.11051642287873674,0.0007991273805128743
2021-08-02,0.1586435720100516,0.0011894001322727353
2021-08-03,0.14050372621516538,0.0010526348167309552
2021-08-04,0.16392706114728908,0.0016961799412635184
2021-08-05,0.07285444966329473,0.0019281419063230303
2021-08-06,0.14889655171333963,0.0015980950781013796
2021-08-09,0.11154778023615818,0.001548672132777149
2021-08-10,0.08450435310756038,0.0021394466972252334
2021-08-11,0.06509768109649298,0.0013494329113520175
2021-08-12,0.06551624481710935,0.001102753232084291
2021-08-13,0.20655672335934883,0.0010410306408015376
2021-08-16,0.10689886366147516,0.001062909915813352
2021-08-17,0.09509976653277567,0.0015702857344605838
2021-08-18,0.40354586917891755,0.009304596728601547
2021-08-19,0.3522392122887677,0.007327337631834568
2021-08-20,0.3406764336820829,0.003984422043478645
2021-08-23,0.2632887764128465,0.002588781479058316
2021-08-24,0.3214688981454694,0.0016904078300250642
2021-08-25,0.29040426474121356,0.00108957323206693
2021-08-26,0.4667954673785042,0.0011781937614475494
2021-08-27,0.3610654849079224,0.0009563489995545821
2021-08-30,0.24946567546530699,0.0008619825550234317
2021-08-31,0.23401199315729912,0.0007561693018726372
2021-09-01,0.5282443116534621,0.0006824560813117722
2021-09-02,0.18916061211895763,0.0006266765454535878
2021-09-03,0.18107991555794975,0.0005951499530530891
2021-09-07,0.213145774455886,0.0008311201636287232
2021-09-08,0.26693055384966846,0.0008051725666219351
2021-09-09,0.3102244258155507,0.001379883017618975
2021-09-10,0.48946319578667885,0.00390888790187226
2021-09-13,0.21520834400984012,0.005197774290246226
2021-09-14,0.17290691841108427,0.01640845737385815
2021-09-15,0.06999403505173867,0.007685042021943954
2021-09-16,0.10225590577412637,0.007605102574265094
2021-09-17,0.10723444169572525,0.052807707699950045
2021-09-20,0.029899424994903456,0.2966248379841591
2021-09-21,0.00719278307481291,0.15373986736687903
2021-09-22,0.0029944553376225597,0.07927658672995515
2021-09-23,0.004534370774220308,0.046115801447590525
2021-09-24,0.01144715831793452,0.004079720220146614
2021-09-27,0.015892097213928324,0.0043271003096815065
2021-09-28,0.022393130746385364,0.04187007944587235
2021-09-29,0.012042731234445275,0.06676383520895568
2021-09-30,0.005885566221862138,0.08643379724798421
2021-10-01,0.0038825744189924013,0.07220805103739852
2021-10-04,0.005236825561325594,0.08365743979910334
2021-10-05,0.004870779110811129,0.12930395742653603
2021-10-06,0.0075658005018680585,0.037163758441096595
2021-10-07,0.011881168964537137,0.009899325282796039
2021-10-08,0.014451245326225173,0.004407038522881536
2021-10-11,0.021602607462488422,0.010976854832469914
2021-10-12,0.012738766075211018,0.00814085991511706
2021-10-13,0.007004356524214099,0.0042847355622108825
2021-10-14,0.0193347172847985,0.001383730191911376
2021-10-15,0.028458247263154112,0.0011135987625999907
2021-10-18,0.04543366378938927,0.0006046701148929468
2021-10-19,0.08294538714528098,0.0004094643614283215
2021-10-20,0.09846580687978009,0.00043787320727719446
2021-10-21,0.08371150280256652,0.0004443203484108004
2021-10-22,0.17032125642540122,0.00041954133095727276
2021-10-25,0.1563138865913127,0.00038758613339060047
2021-10-26,0.20879664573117762,0.00044607361884620584
2021-10-27,0.23224714101252408,0.0005810287502575948
2021-10-28,0.20743505746285917,0.0005110865123301459
2021-10-29,0.15805218235641474,0.0006496037239436511
2021-11-01,0.08774116162165235,0.0006627887437915285
2021-11-02,0.09598541437541463,0.0005796110882762434
2021-11-03,0.07231847747067006,0.0005137008229127844
2021-11-04,0.07327828965049772,0.00043443413338499986
2021-11-05,0.12371143101414146,0.0005800485760836268
2021-11-08,0.11422444338823483,0.0004781468886362672
2021-11-09,0.2297493191749803,0.0005060654092879723
2021-11-10,0.30242217043647246,0.0004344132895017037
2021-11-11,0.18082699511134737,0.0004066097744485036
2021-11-12,0.07567859570752376,0.0005295654209624626
2021-11-15,0.05694525717346655,0.0009518099116599486
2021-11-16,0.016860514366540836,0.0017685284253357943
2021-11-17,0.048012378881609565,0.0007563620845318351
2021-11-18,0.04990693960165272,0.0006919491471592875
2021-11-19,0.061254915600302016,0.0007946563809776459
2021-11-22,0.04794556993232862,0.001240146286043536
2021-11-23,0.030637114336502697,0.0013121183481437412
2021-11-24,0.03360756510000888,0.0008777389704454457
2021-11-26,0.040855885214861415,0.11043482194983079
2021-11-29,0.09173267340331533,0.11694353380843107
2021-11-30,0.02406064518668112,0.4833984011164845
2021-12-01,0.006186429287406369,0.7426587978674134
2021-12-02,0.012107725879788806,0.6647103899451993
2021-12-03,0.004948096404135825,0.6771602032941338
2021-12-06,0.005422673887634927,0.4923665606607397
2021-12-07,0.010694411231804169,0.05671108715928583
2021-12-08,0.04158362554154571,0.004144101561081579
2021-12-09,0.055748347587506915,0.008918803443721944
2021-12-10,0.06412725661062149,0.0024992322328288843
2021-12-13,0.05401271329617924,0.005387576532273823
2021-12-14,0.07114429279707107,0.009166616121806949
2021-12-15,0.038367072710194995,0.0037020549246311878
2021-12-16,0.05773576806651922,0.00450893922688978
2021-12-17,0.0924804817301413,0.017818793859574012
2021-12-20,0.0980226322844795,0.09605409543177192
2021-12-21,0.22614421854986078,0.01908049351861441
2021-12-22,0.16444927621928743,0.006788977385073159
2021-12-23,0.11760042321418397,0.0018953103734267156
2021-12-27,0.16819687547903536,0.002382466772244593
2021-12-28,0.19249941847272234,0.0012060359206531742
2021-12-29,0.10688698752851732,0.0010808309204494583
2021-12-30,0.2756635722099208,0.0011998542260523942
2021-12-31,0.4072581838501545,0.001377249622698613
2022-01-03,0.4077618597727613,0.001477715261535816
2022-01-04,0.3502051187624698,0.0013298007627835931
2022-01-05,0.21191700203974914,0.00578861469042834
2022-01-06,0.13977661723336274,0.008931199098404735
2022-01-07,0.08904542486935439,0.03150727860279415
2022-01-10,0.040787189181653215,0.07169612343800875
2022-01-11,0.040651753839627235,0.018299186300579934
2022-01-12,0.041358811004464445,0.004422607897452531
2022-01-13,0.058601326023968774,0.06376530882886772
2022-01-14,0.1289049103857787,0.09488540280010645
2022-01-18,0.033458956396871145,0.4100492997837435
2022-01-19,0.003150752072807765,0.39647113160906117
2022-01-20,0.0059172043943856506,0.7423676392276035
2022-01-21,0.0035486414562252455,0.7049647791899586
2022-01-24,0.002242171362788165,0.687586944274237
2022-01-25,0.0033055932669383468,0.64594160215403
2022-01-26,0.0032384879906431894,0.7195299474567957
2022-01-27,0.003409235840381865,0.6641802165046063
2022-01-28,0.0003748614677201191,0.8916539679849903
2022-01-31,0.0004567484391111015,0.929849874718566
2022-02-01,0.0004411988363749598,0.2948828945389039
2022-02-02,0.0006015911717014156,0.06264303395917915
2022-02-03,0.0027882741661838044,0.16736661209719028
2022-02-04,0.0012349779937834368,0.13307025915901138
2022-02-07,0.0008817795674895281,0.11005471765500095
2022-02-08,0.0004636787758780895,0.0860590988662171
2022-02-09,0.0007595770122693318,0.07265738232155473
2022-02-10,0.006427780154187935,0.04587433253266724
2022-02-11,0.019612261224390408,0.15877014447966487
2022-02-14,0.017547144986661392,0.21258935768908502
2022-02-15,0.006594217390627454,0.19416485892833937
2022-02-16,0.006126997051853823,0.10704954011514105
2022-02-17,0.02167950883698129,0.21412061910323207
2022-02-18,0.023729169869842914,0.27727813936402584
2022-02-22,0.02470015193992896,0.6160146239913881
2022-02-23,0.023000735205047206,0.76339613592785
2022-02-24,0.009853289033344939,0.7630143964695568
2022-02-25,0.005966813166107791,0.5527101010176184
2022-02-28,0.010878240822611913,0.3420495257852334
2022-03-01,0.039591222679308445,0.37970675082688476
2022-03-02,0.005182855633114454,0.10603766296827767
2022-03-03,0.009942303446269956,0.10484231171930003
2022-03-04,0.03632428073622671,0.08531543380948255
2022-03-07,0.03814077902436012,0.2803405500054211
2022-03-08,0.020403997080338587,0.5913584726878424
2022-03-09,0.00471828924646757,0.23207627638122783
2022-03-10,0.0025555258692212313,0.05669805899228123
2022-03-11,0.005130357040568555,0.18223774851526509
2022-03-14,0.0068489208276897385,0.1468977172750672
2022-03-15,0.0036842267599007275,0.094677834203564
2022-03-16,0.003397103440518684,0.04353932202047808
2022-03-17,0.004903193492474044,0.012705258218820152
2022-03-18,0.007338202832638869,0.0021279759895799976
2022-03-21,0.011506982392842266,0.001631330318958621
2022-03-22,0.012358313685193351,0.0026314400658269364
2022-03-23,0.02355674726946259,0.010764524472899795
2022-03-24,0.027979861574098108,0.008290810557373617
2022-03-25,0.01927611384267411,0.007063456982466601
2022-03-28,0.027504418197564207,0.0056886562709910285
2022-03-29,0.049097256127372924,0.004503298704741278
2022-03-30,0.04259765786864613,0.0020977092004662735
2022-03-31,0.06766149384929833,0.005539660344305416
2022-04-01,0.024890575764639943,0.003100001764698298
2022-04-04,0.029622589726432686,0.0029243841023594255
2022-04-05,0.03332467813813834,0.0025501183833417885
2022-04-06,0.06802892657840176,0.014517010302903739
2022-04-07,0.015357772214036928,0.01938211484798787
2022-04-08,0.019764724637728194,0.03354949253173223
2022-04-11,0.021950282198764187,0.38747954881791924
2022-04-12,0.02068324255948087,0.541790252403129
2022-04-13,0.005782504340688934,0.5010916760774736
2022-04-14,0.0032586356415897594,0.6786576888831114
2022-04-18,0.008463925861192973,0.6899335572407175
2022-04-19,0.0032735501694525202,0.5011939790713849
2022-04-20,0.0031808588455683393,0.44041234779624955
2022-04-21,0.004819790954901981,0.3357830355371818
2022-04-22,0.004349282358212243,0.5350857573475237
2022-04-25,0.0017371175141222856,0.5597974552711756
2022-04-26,0.004060626110433615,0.919295165652064
2022-04-27,0.003538134902099087,0.932781957612614
2022-04-28,0.0017094576680452556,0.9404800148302398
2022-04-29,0.003717803312359968,0.634174767169568
2022-05-02,0.0017649105777944804,0.7013821806177964
2022-05-03,0.0008068616520148652,0.645772366961524
2022-05-04,0.000557535332261354,0.7115185808333284
2022-05-05,0.00245179143988539,0.4927692315327185
2022-05-06,0.002681043879668022,0.4554138376251448
2022-05-09,0.004378685080211908,0.8707933196583096
2022-05-10,0.0022298558187716353,0.7847252560454585
2022-05-11,0.0032409710511081993,0.44388475816788575
2022-05-12,0.0017865278096384203,0.8215088557721558
2022-05-13,0.0008680920443176003,0.7936062723883505
2022-05-16,0.0005418192727536768,0.7973331757119823
2022-05-17,0.001519189124826885,0.12415540764667488
2022-05-18,0.01500355014320324,0.09936044959839248
2022-05-19,0.01987928437191957,0.5296830197449484
2022-05-20,0.004781088334036121,0.4585377286262282
2022-05-23,0.0022622973289901684,0.14049530986232553
2022-05-24,0.0021568957834004515,0.15588462380449017
2022-05-25,0.0015661942746288612,0.06923160781502098
2022-05-26,0.002393423878916987,0.04568604266973211
2022-05-27,0.0026709797909439475,0.021133709797929504
2022-05-31,0.0033404062126046827,0.025731936829660077
2022-06-01,0.008283619272594687,0.026117349284101445
2022-06-02,0.004121065693171974,0.0191590091248003
2022-06-03,0.006371783462694295,0.01672741233900171
2022-06-06,0.007104994661279837,0.012530239003238288
2022-06-07,0.0072722249172398265,0.015002037160077688
2022-06-08,0.008155139476599503,0.016908978874935508
2022-06-09,0.019698000934928055,0.026376274461451753
2022-06-10,0.014282990961951724,0.026488898873448827
2022-06-13,0.009102307881517974,0.10828688787313395
2022-06-14,0.006689003439771172,0.11192171243443143
2022-06-15,0.0023575509189880978,0.1703458912002107
2022-06-16,0.008517555222709364,0.23617295894960813
2022-06-17,0.007921097495923473,0.2413078327867014
2022-06-21,0.0017696433333518155,0.27309280175644846
2022-06-22,0.000846816149955202,0.2880593520061895
2022-06-23,0.0006468272348261619,0.16800402800467296
2022-06-24,0.0004340444175844435,0.028353688587264548
2022-06-27,0.000683735684690385,0.017590450505141842
2022-06-28,0.001995951750208918,0.013620086478648548
2022-06-29,0.0036643957839524177,0.011632732953614658
2022-06-30,0.0032354769530620144,0.01702707001544204
2022-07-01,0.0006579881544446397,0.01501041039649203
2022-07-05,0.000756300310481082,0.011497134104564039
2022-07-06,0.0006670034084541826,0.007328590982483725
2022-07-07,0.0005450800822229409,0.006472584435592993
2022-07-08,0.0007400981964204922,0.004711578995938908
2022-07-11,0.002223600367157812,0.00611851544097532
2022-07-12,0.0034699764815517894,0.008098354046495513
2022-07-13,0.00512448854216891,0.007940599131551594
2022-07-14,0.005803234272010072,0.011609729398284039
2022-07-15,0.0020435692738265698,0.008419762613706359
2022-07-18,0.0026552137069965807,0.0056803290201801445
2022-07-19,0.00620001435759852,0.004439521885861495
2022-07-20,0.00361619575670285,0.005728653204797637
2022-07-21,0.003795203987502832,0.005598271359420784
2022-07-22,0.0035694194171386226,0.006509316163934739
2022-07-25,0.0047184436196745505,0.008401882667714225
2022-07-26,0.0060500620279088065,0.007007896335556196
2022-07-27,0.004054698990588738,0.015439080091388066
2022-07-28,0.004443136955523783,0.014271805127918416
2022-07-29,0.013115928899986855,0.007965782051749923
2022-08-01,0.0128243048636224,0.007343981009451884
2022-08-02,0.05622759598238458,0.004856642024010419
2022-08-03,0.027310610486740525,0.0029909736830369296
2022-08-04,0.01658788805836561,0.0030227375145067126
2022-08-05,0.0077165259827668585,0.002329527727160612
2022-08-08,0.010857872911366959,0.002831826218874679
2022-08-09,0.013722873866076693,0.0034081889901172225
2022-08-10,0.021381800665384948,0.0031929599895861058
2022-08-11,0.03078799038442276,0.0025247615886468673
2022-08-12,0.04125188852553011,0.0028987414791224937
2022-08-15,0.027253144566554807,0.0023879848278592583
2022-08-16,0.0162131352099909,0.0014937657064503643
2022-08-17,0.011734970393123809,0.0016966361704633364
2022-08-18,0.004422720866656224,0.0015845228469086644
2022-08-19,0.007292732509814493,0.0023516587142004227
2022-08-22,0.006804988354835059,0.021079821825870006
2022-08-23,0.005663437767060588,0.10003529488047798
2022-08-24,0.0029209558486948026,0.0930801656567435
2022-08-25,0.0020707127508023363,0.1640123283029992
2022-08-26,0.004833381629685543,0.1438296735538477
2022-08-29,0.003193387075611804,0.1817803463900272
2022-08-30,0.0038294700639428625,0.24831455470351715
2022-08-31,0.007387739664382771,0.24052954655673153
2022-09-01,0.0039306457655994805,0.18578086288345516
2022-09-02,0.004599351437175522,0.12827625414450364
2022-09-06,0.006720731607223624,0.14433068606959193
2022-09-07,0.0030989551886023074,0.13571624419519704
2022-09-08,0.0015578855701284863,0.15628086465150434
2022-09-09,0.002121294910421894,0.16029165765762401
2022-09-12,0.0020827722292385345,0.020681724214055303
2022-09-13,0.004858860258202921,0.12225392798151247
2022-09-14,0.005086225615093114,0.145415042689922
2022-09-15,0.003732115949399605,0.20691450667566716
2022-09-16,0.0037530090186425284,0.3255543257198346
2022-09-19,0.001647615269424955,0.3415455391378563
2022-09-20,0.0015440013567148405,0.08785439597838629
2022-09-21,0.0031399716801223426,0.10031670983287977
2022-09-22,0.004261361327730882,0.0961600233083915
2022-09-23,0.004605854094862391,0.09389771498845993
2022-09-26,0.0030746171615743893,0.12241657538999924
2022-09-27,0.0016054236159318235,0.18732518411988178
2022-09-28,0.0009675336544727672,0.25326289925215933
2022-09-29,0.003532656130087217,0.12244875582765032
2022-09-30,0.01165345928825777,0.18202177008103637
2022-10-03,0.0039386924745040105,0.21718970432258436
2022-10-04,0.0023641328363539736,0.05535144549927462
2022-10-05,0.003310191095666179,0.02248633805583927
2022-10-06,0.005653562556371536,0.01225956912814019
2022-10-07,0.01236680927215828,0.0178172291887799
2022-10-10,0.014589661990083004,0.014569717205541849
2022-10-11,0.008574966575670003,0.010871760030676978
2022-10-12,0.009126332566434067,0.01247746533335487
2022-10-13,0.002109885468984302,0.010757868328288428
2022-10-14,0.0049884320829009,0.00822053259171917
2022-10-17,0.005226480890275709,0.011802631058204184
2022-10-18,0.009342895187441726,0.015868716309374604
2022-10-19,0.007483654531943492,0.011201689962876816
2022-10-20,0.019318210521912973,0.010050347381243297
2022-10-21,0.006403796675807589,0.004810717372733461
2022-10-24,0.015768299873987923,0.005745371298824151
2022-10-25,0.010404413486904211,0.004475137607012593
2022-10-26,0.013381677669312883,0.006446725283779567
2022-10-27,0.04060210176122063,0.005993632891534013
2022-10-28,0.017743183426976835,0.0061039322010368645
2022-10-31,0.016898275969616638,0.010036145105288068
2022-11-01,0.01483228087209681,0.007935571411550914
2022-11-02,0.026571110128778868,0.010180530571134385
2022-11-03,0.02193135146990835,0.010440071930468137
2022-11-04,0.0047803733557912785,0.009047716022795098
2022-11-07,0.0044097802954920625,0.014123333161221862
2022-11-08,0.00597513740322838,0.014370546351795611
2022-11-09,0.018197396522205818,0.01293469310499088
2022-11-10,0.007763940279517947,0.01443272189284305
2022-11-11,0.009416794000391318,0.009383673382948923
2022-11-14,0.00779266605004347,0.007548938736950894
2022-11-15,0.009678859522054668,0.010254522978489902
2022-11-16,0.014868143475090828,0.008801426227303476
2022-11-17,0.005851150292967661,0.003552504187706243
2022-11-18,0.0032844325414167663,0.003575834067755277
2022-11-21,0.0026287496927289225,0.003567151114243805
2022-11-22,0.0024178237973951004,0.0027705721743624665
2022-11-23,0.0038107271759965766,0.003138969998487223
2022-11-25,0.004444869731007589,0.0027854666322992554
2022-11-28,0.005870519891151911,0.006935318287863458
2022-11-29,0.005212900422437855,0.006473489418590057
2022-11-30,0.003413497917757973,0.007939006649045227
2022-12-01,0.004246596651553842,0.007418915427155816
2022-12-02,0.004686820561468816,0.006153953026792613
2022-12-05,0.008331327729228679,0.011762825475207614
2022-12-06,0.00746600240700471,0.04950664885589056
2022-12-07,0.004038746337328242,0.10950206555039248
2022-12-08,0.0018413532515079243,0.08544543692009295
2022-12-09,0.002134181481063571,0.10079671621677211
2022-12-12,0.0034035316935769264,0.04182456637833969
2022-12-13,0.0023012265799951166,0.023479892349338675
2022-12-14,0.004565681335966812,0.021785443471716525
2022-12-15,0.005518614964727504,0.17430012389257357
2022-12-16,0.004902786872393349,0.21282092844071743
2022-12-19,0.0026299374667428433,0.07188473137259695
2022-12-20,0.004007047026274093,0.1185439500654351
2022-12-21,0.0009698848548177005,0.253227894689465
2022-12-22,0.0025530808351548495,0.10063655413260553
2022-12-23,0.0034341432116504027,0.10095225867111242
2022-12-27,0.003368399498194947,0.11188245133154628
2022-12-28,0.005169288060208512,0.13645648722412132
2022-12-29,0.0021421403985116805,0.21007393021360973
2022-12-30,0.0025641445892700017,0.13407020741089368
2023-01-03,0.002881298559412037,0.13213001334759975
2023-01-04,0.005679856011935062,0.05733721661764038
2023-01-05,0.004915531206233326,0.13582349395715165
2023-01-06,0.006965733637504796,0.04128942878358191
2023-01-09,0.006567714647686177,0.031725037796716954
2023-01-10,0.008397929515154896,0.010723226380229793
2023-01-11,0.02004248620114717,0.012930968880744477
2023-01-12,0.03182469621588518,0.003992553202701304
2023-01-13,0.01813610268753531,0.002833866412442102
2023-01-17,0.042349266454675315,0.0034538463900228387
2023-01-18,0.06215727221019201,0.006098551319475398
2023-01-19,0.0438254915436937,0.005164299235858178
2023-01-20,0.014231034025572123,0.009931704451919507
2023-01-23,0.025441110096651346,0.017490259426783002
2023-01-24,0.02801082610462055,0.00860089829453905
2023-01-25,0.05705539040846321,0.002807914432489215
2023-01-26,0.034429820546620436,0.0033529379288193893
2023-01-27,0.021959987774889583,0.0033197823849918737
2023-01-30,0.04476080415989573,0.005407088787753381
2023-01-31,0.06311388159393751,0.004612287949695788
2023-02-01,0.06992363951207675,0.007195322348999539
2023-02-02,0.12231676061842056,0.00735117124928181
2023-02-03,0.0751424302846124,0.010248781369646957
2023-02-06,0.1615151284185827,0.010482206920658118
2023-02-07,0.09672648591827633,0.009806613619119733
2023-02-08,0.10497306057342315,0.011576741803259094
2023-02-09,0.16838923887363713,0.008294660147788608
2023-02-10,0.08821709488562608,0.0131153657389107
2023-02-13,0.04373003020385694,0.008505126927831745
2023-02-14,0.041394380253974454,0.005337878447364906
2023-02-15,0.023815114157787132,0.004294545958971851
2023-02-16,0.09706182680833582,0.011648449233159103
2023-02-17,0.0733503306506521,0.014192676796482728
2023-02-21,0.01536136666092309,0.046925374414885805
2023-02-22,0.006149893671916038,0.038795651341451236
2023-02-23,0.0033821943809135406,0.05775482947766869
2023-02-24,0.0052161510048979,0.07684822974774612
2023-02-27,0.00520559483631615,0.10423367281229162
2023-02-28,0.003378650831781711,0.1035126882639376
2023-03-01,0.011050149672366553,0.14617697510910024
2023-03-02,0.0061039360392967515,0.12095944392173852
2023-03-03,0.014855594350107125,0.10950561267436826
2023-03-06,0.00898459868407906,0.03171276632338121
2023-03-07,0.015605803388392112,0.11200643097928031
2023-03-08,0.00736352796437324,0.1443870288018937
2023-03-09,0.00801007194244327,0.20477206308509302
2023-03-10,0.022177454752820177,0.1924342053025123
2023-03-13,0.01776458367027257,0.1941460730573498
2023-03-14,0.005640237301402558,0.3500537952916385
2023-03-15,0.0057924515950295045,0.2467561171496148
2023-03-16,0.014474548528123863,0.20172327103429502
2023-03-17,0.008188731298610143,0.17649720226156915
2023-03-20,0.014660418292928966,0.0724182977855633
2023-03-21,0.016126764521466528,0.04015726306466096
2023-03-22,0.03074194289051499,0.04489542004081185
2023-03-23,0.016877282041544612,0.024236738825488352
2023-03-24,0.01304688745483712,0.006398398240623768
2023-03-27,0.027847037852254296,0.004805974249721617
2023-03-28,0.04362057800572811,0.004306147342774971
2023-03-29,0.028977408376511485,0.00549226392184417
2023-03-30,0.026516851922672145,0.004027682219409664
2023-03-31,0.07406247343681216,0.004495725180188914
2023-04-03,0.0778759181234389,0.0032356430525130723
2023-04-04,0.05064201784578864,0.0031042150764547904
2023-04-05,0.17928327732719998,0.00336210271713782
2023-04-06,0.1411051446217162,0.0032222289860714764
2023-04-10,0.1838997165082138,0.002962562630490753
2023-04-11,0.16618399802264164,0.002390108255248192
2023-04-12,0.21006637789931135,0.0018583922124885454
2023-04-13,0.11257981601823093,0.0021113170448845233
2023-04-14,0.14775921720327895,0.001897443064326364
2023-04-17,0.11386939276857544,0.001448571945937343
2023-04-18,0.20044306174466417,0.0014728706734340041
2023-04-19,0.3323917038001907,0.0014384521042117894
2023-04-20,0.21386856185571643,0.0015576890325119386
2023-04-21,0.23376143418250117,0.002028849061419479
2023-04-24,0.17570562515467567,0.003284889357930455
2023-04-25,0.10314289260356647,0.02825628171134455
2023-04-26,0.05166843347734287,0.06338970191775169
2023-04-27,0.07602211624790017,0.03852613555058302
2023-04-28,0.06750057581040712,0.014493714109032054
2023-05-01,0.055780714935122065,0.012435718976391869
2023-05-02,0.1352385659219644,0.023550137721132403
2023-05-03,0.042878577039895956,0.062341774899686266
2023-05-04,0.015834028619571738,0.06929640349356984
2023-05-05,0.021186973036402063,0.07204303629213607
2023-05-08,0.01281379152714633,0.052621319582123544
2023-05-09,0.031884500683705345,0.03372881162016208
2023-05-10,0.06182981444106578,0.005170746406003242
2023-05-11,0.04789418714009109,0.008549309911762977
2023-05-12,0.050453240242703805,0.004847873616414909
2023-05-15,0.05955808298376547,0.003940632602443723
2023-05-16,0.04841545389448428,0.01226735458783996
2023-05-17,0.021748954533383016,0.004278267911109323
2023-05-18,0.018228005294664493,0.002786171489844138
2023-05-19,0.0224476111877001,0.0020534452572668863
2023-05-22,0.0449621005082556,0.0018135359557574341
2023-05-23,0.08478290810536022,0.006693408890069935
2023-05-24,0.08556132983647351,0.015168001640355826
2023-05-25,0.03281227116377396,0.010805187435417293
2023-05-26,0.030698490179537807,0.014824596400470699
2023-05-30,0.060801275619577023,0.008628596921410785
2023-05-31,0.09446045993507936,0.006725468023530866
2023-06-01,0.09789665640184053,0.00173768510791483
2023-06-02,0.08102331960701882,0.0031029280541872324
2023-06-05,0.08623115264846291,0.004693197754286802
2023-06-06,0.07055824462816578,0.003291171969544168
2023-06-07,0.14708950776622673,0.0016671469887272288
2023-06-08,0.17615788860719395,0.0015120432255673888
2023-06-09,0.14786044434713508,0.001505597694238607
2023-06-12,0.11982153063629153,0.001180381714822519
2023-06-13,0.14327902794418712,0.0016833403970764754
2023-06-14,0.1396787369894656,0.0008635819701359471
2023-06-15,0.16391580979487078,0.0011052462823760623
2023-06-16,0.1515267338776037,0.0008777530361328326
2023-06-20,0.28182436154305235,0.0009349540134274977
2023-06-21,0.32970768947978074,0.0009285928873846676
2023-06-22,0.2126728646885351,0.0007735654176382234
2023-06-23,0.4850265275283298,0.0009098266978997341
2023-06-26,0.38974304314716973,0.0012578193806169322
2023-06-27,0.2445783195067842,0.0020800440375359753
2023-06-28,0.17038594953450917,0.0032541032728092847
2023-06-29,0.13038151232419165,0.002153350493302359
2023-06-30,0.2837808801774,0.001284794043344889
2023-07-03,0.2712629271544476,0.0008777362016655659
2023-07-05,0.3651118194794602,0.0007532180268853109
2023-07-06,0.547590141521746,0.0014682477616664346
2023-07-07,0.4500828814595681,0.00316589433554919
2023-07-10,0.3825267983929181,0.0017223166315918645
2023-07-11,0.24648767452587658,0.0011407993293995019
2023-07-12,0.21993592860533143,0.001068697302406561
2023-07-13,0.21531356131995782,0.0008593909168639361
2023-07-14,0.23000136392506776,0.0004895847721677446
2023-07-17,0.27041370302438833,0.0005659810239745871
2023-07-18,0.22358547523047725,0.00053356369720596
2023-07-19,0.2511046295941542,0.0006014807392278023
2023-07-20,0.5933745503467734,0.0005273897850861
2023-07-21,0.27430270418405095,0.0005171508183863402
2023-07-24,0.271908032712234,0.0005340434131663469
2023-07-25,0.18245233985244116,0.0006541864069738384
2023-07-26,0.4920884578156741,0.00043247109839983025
2023-07-27,0.5471058802363729,0.0005755105728163933
2023-07-28,0.5527166069149959,0.0007441663379765398
2023-07-31,0.43006661476969055,0.000877244623846278
2023-08-01,0.5824767577632598,0.0012141472106243821
2023-08-02,0.7839470506722791,0.00381687994371005
2023-08-03,0.590295653617484,0.005490838519353496
2023-08-04,0.18275845460937856,0.008132675156023199
2023-08-07,0.13332833022764426,0.013245309912104033
2023-08-08,0.07136888637793666,0.010935960025327422
2023-08-09,0.14420036889773588,0.009010786990276102
2023-08-10,0.05957467574781384,0.014455284122458405
2023-08-11,0.0557612570471738,0.011700029928695158
2023-08-14,0.0382149277963063,0.010059054958159544
2023-08-15,0.051450375569156485,0.015371923387505976
2023-08-16,0.05016281052373497,0.023511766080010193
2023-08-17,0.020303161008440856,0.057913242470067273
2023-08-18,0.009092911720895847,0.0873684403862761
2023-08-21,0.0066578082846399204,0.09205195438206171
2023-08-22,0.009020375459844838,0.07040477296552983
2023-08-23,0.006203034378363617,0.04511505885989992
2023-08-24,0.029753275078162836,0.11066360167090994
2023-08-25,0.03175590072558116,0.1160275221618849
2023-08-28,0.03284234624006286,0.04958922520356899
2023-08-29,0.08436936530288185,0.01683849201310969
2023-08-30,0.10171423060867812,0.004084522026188688
2023-08-31,0.240068593013385,0.001013390457937929
2023-09-01,0.29745347664494787,0.001050578157421574
2023-09-05,0.3003967453591757,0.0010912294305834083
2023-09-06,0.40589913015932916,0.0013687686571400759
2023-09-07,0.33042072310581944,0.0023998433781135965
2023-09-08,0.26273125632230815,0.0011951518793159605
2023-09-11,0.17840681404464676,0.0013122559185956594
2023-09-12,0.3416883629219256,0.001654437831208857
2023-09-13,0.28957439543830926,0.0012565392471772937
2023-09-14,0.12196420540669713,0.0010438111159515198
2023-09-15,0.2693292200921849,0.003006349885729273
2023-09-18,0.2688533541782561,0.0028847446695579267
2023-09-19,0.09782723067507026,0.004820476349137119
2023-09-20,0.08832524845976202,0.019933649610694944
2023-09-21,0.025198030222954054,0.11566725022550788
2023-09-22,0.018356440890269606,0.18845449532709604
2023-09-25,0.016752747189178217,0.19620689559361912
2023-09-26,0.03306160166566208,0.17553840038435672
2023-09-27,0.022842188816869308,0.23699584370857255
2023-09-28,0.008025388788430681,0.17480620006814127
2023-09-29,0.016938403624809053,0.16833780721613398
2023-10-02,0.013482271816919278,0.18704891281624972
2023-10-03,0.012944061300839143,0.1483066020251753
2023-10-04,0.012977218484225445,0.3253843588758002
2023-10-05,0.004918940561237676,0.18602860395602092
2023-10-06,0.003966728752152155,0.22269762637321147
2023-10-09,0.005448551060575512,0.09983657827817312
2023-10-10,0.013833254608476524,0.017617955598004748
2023-10-11,0.030657582126152615,0.007266556877896259
2023-10-12,0.06177038714387555,0.004488528332823851
2023-10-13,0.067354494561797,0.009744931925968378
2023-10-16,0.07780259531266222,0.006721377248659884
2023-10-17,0.12157230269036183,0.0072542081959989695
2023-10-18,0.32861570023447717,0.006138261919715918
2023-10-19,0.2946971169614356,0.10442038784042984
2023-10-20,0.12906922086133144,0.17704581840311642
2023-10-23,0.09599816626304554,0.19079589068068437
2023-10-24,0.060135671163471384,0.20571061092668522
2023-10-25,0.03465363022514859,0.31700587691287424
2023-10-26,0.027039741430148565,0.45040244332254914
2023-10-27,0.0232331165737205,0.47483821846384405
2023-10-30,0.007230020254089223,0.5711771769115264
2023-10-31,0.00580319483252794,0.4275757181675625
2023-11-01,0.006129253908638972,0.15543237531426737
2023-11-02,0.06750251194993072,0.01132116126620849
2023-11-03,0.15761144273273833,0.0039537002947668915
2023-11-06,0.19508202997788823,0.0030743939318482517
2023-11-07,0.24320949033707262,0.001983802611894195
2023-11-08,0.28164701053186003,0.0015581189338701243
2023-11-09,0.38013019082789645,0.002680429774917746
2023-11-10,0.2984555877103386,0.0011095912855680066
2023-11-13,0.2862147045438375,0.0030397434795780844
2023-11-14,0.3524114163627463,0.002849586433376077
2023-11-15,0.3873602895046779,0.0021079968089307687
2023-11-16,0.4011568713283751,0.0008359967153368548
2023-11-17,0.3683735807703213,0.0006060409030789025
2023-11-20,0.14985735877501322,0.000660939830674116
2023-11-21,0.14465909538572633,0.0005602902802481544
2023-11-22,0.12852958713503038,0.0007022843398937264
2023-11-24,0.17872754932908294,0.0004918972763746299
2023-11-27,0.18527221664098195,0.0005472363323829377
2023-11-28,0.18739029924182912,0.0005425796213699596
2023-11-29,0.15303924853655507,0.0006225280092005441
2023-11-30,0.2917569598621878,0.0007415312196590914
2023-12-01,0.23492484417806894,0.0007422901125629682
2023-12-04,0.5296571284306544,0.0008384260856056383
2023-12-05,0.5345163565307659,0.0008524486777155758
2023-12-06,0.32897581978250773,0.0016122039212901349
2023-12-07,0.41406403541524167,0.0016885816871982102
2023-12-08,0.18455242043542844,0.0012323399215237105
2023-12-11,0.21647663381152116,0.0009398900513675748
2023-12-12,0.21393067952934697,0.0007746532097808006
2023-12-13,0.11650841456884027,0.0008703957126578119
2023-12-14,0.14364880810132155,0.001135096440039453
2023-12-15,0.3123219991263717,0.0010511155524839933
2023-12-18,0.2210249215161224,0.0008463025839660451
2023-12-19,0.12792701800633835,0.0008497507253368481
2023-12-20,0.46692862449060263,0.0027918808337730645
2023-12-21,0.15530557808245762,0.0020592729700726355
2023-12-22,0.06729826277769163,0.0019956477659872573
2023-12-26,0.07406133278980982,0.001755194649262139
2023-12-27,0.08511581223353486,0.0011968440704196778
2023-12-28,0.0862968759512462,0.000629072686856703
2023-12-29,0.30665710114541606,0.0006955242905893051
2024-01-02,0.264662193676652,0.0011332279456171851
2024-01-03,0.3180568783260081,0.004626242480956614
2024-01-04,0.14354411012492288,0.014412797291532872
2024-01-05,0.05753700672326873,0.006831432906508562
2024-01-08,0.05508315942734298,0.005158467067498256
2024-01-09,0.08023801089991157,0.0026498255081678114
2024-01-10,0.0900914089065825,0.001215025133732549
2024-01-11,0.12111600257748915,0.0010739203839315022
2024-01-12,0.13080967317930572,0.001194517102454725
2024-01-16,0.12909281310815765,0.0018602585347021984
2024-01-17,0.043418435709401404,0.005384584165341044
2024-01-18,0.07211155851009084,0.0009572934089327172
2024-01-19,0.03348501618719865,0.0011377132998152209
2024-01-22,0.023961602687378517,0.0013226407093687852
2024-01-23,0.03916346258571559,0.0008824143849588542
2024-01-24,0.03001122343317224,0.0006027325690192504
2024-01-25,0.021361734552643664,0.0006100314187773947
2024-01-26,0.16337691505843052,0.0008819649393671884
2024-01-29,0.09764671738025056,0.0008811344026943384
2024-01-30,0.24495840827793589,0.0005990073040978455
2024-01-31,0.6201099299450205,0.001152121027815598
2024-02-01,0.4906302716265563,0.0011893994525220039
2024-02-02,0.32592503346828505,0.001777169853591884
2024-02-05,0.2961383538621985,0.0013275795317199187
2024-02-06,0.42169989502412547,0.0012396122113352331
2024-02-07,0.1313470688977689,0.0005940224079035771
2024-02-08,0.10739325658763083,0.00042362553690023663
2024-02-09,0.11677976605355768,0.00044796886778102665
2024-02-12,0.25322500285086297,0.0006605181080630452
2024-02-13,0.6067783762847562,0.0015010243143731689
2024-02-14,0.484205065540289,0.0015384178698518377
2024-02-15,0.294253051258641,0.0014532620025070825
2024-02-16,0.34482677355335745,0.0014792614967537386
2024-02-20,0.5587346744275057,0.0038524714833140634
2024-02-21,0.31572757726964,0.0032119464464553035
2024-02-22,0.1553917111542369,0.003979276529995952
2024-02-23,0.1950087358499727,0.0031278756894069087
2024-02-26,0.25092913312247966,0.002201351678823056
2024-02-27,0.3215331610118715,0.0017186235434538705
2024-02-28,0.4184697789277147,0.0016190347534152307
2024-02-29,0.15224126266630042,0.000915513316083586
2024-03-01,0.04411606700294888,0.0007126547078218148
2024-03-04,0.06214624644027464,0.0008292025454699728
2024-03-05,0.23051484515756307,0.0011472185087414014
2024-03-06,0.15066754962311393,0.0012135397216644311
2024-03-07,0.062279718454365564,0.001264311425512709
2024-03-08,0.0667345171767621,0.001694913370347373
2024-03-11,0.10070763497402209,0.0018226660342193061
2024-03-12,0.06830404112071353,0.0007302831715000926
2024-03-13,0.1288903755016886,0.0008542256000360736
2024-03-14,0.20847912120493764,0.001040521481427441
2024-03-15,0.10998339951849499,0.0015266446192755082
2024-03-18,0.03843257858164772,0.0016634332706437882
2024-03-19,0.03086548094504764,0.0013947393736626348
2024-03-20,0.021217039277510775,0.001046771908108525
2024-03-21,0.06620885362850987,0.0006868241757814298
2024-03-22,0.412333173730229,0.0007047795857029621
2024-03-25,0.42499044650557477,0.0007048808783174666
2024-03-26,0.6210348152153496,0.0006067571397895727
2024-03-27,0.34028744075253164,0.0006191469889067748
2024-03-28,0.24909380035862164,0.0005967537363413355
2024-04-01,0.30484383806940324,0.0008088245567940052
2024-04-02,0.2498417629410561,0.0013532668418658616
2024-04-03,0.09812419992456999,0.0010483247252591615
2024-04-04,0.13251390167746177,0.010970286254338308
2024-04-05,0.16868385138906308,0.010408096894561977
2024-04-08,0.09272988991722224,0.01260056660552413
2024-04-09,0.1526810628580854,0.009882580316459407
2024-04-10,0.07445878296075592,0.04126787922858423
2024-04-11,0.022270545988981493,0.016631675943559406
2024-04-12,0.017751755575596457,0.0741228805178718
2024-04-15,0.013741689929687584,0.21274929811061352
2024-04-16,0.012458142397548737,0.22956783790680588
2024-04-17,0.008173555954510614,0.23034928843072833
2024-04-18,0.005526621835652818,0.23618904291927642
2024-04-19,0.005031497635380889,0.245229476054857
2024-04-22,0.004089962654478407,0.2144717907671632
2024-04-23,0.004653156686001751,0.19032389668539204
2024-04-24,0.005132497923735407,0.4345090191109391
2024-04-25,0.00829829777812795,0.32448960990166403
2024-04-26,0.00799285103552396,0.03743018437315377
2024-04-29,0.007278462264322629,0.017204766450099936
2024-04-30,0.013198629341086565,0.09749910446352668
2024-05-01,0.015425455396720576,0.07164009682448215
2024-05-02,0.021616474789757034,0.03765450689035444
2024-05-03,0.11857905195287777,0.008510768990562042
2024-05-06,0.38643094892931806,0.008173664452054303
2024-05-07,0.3182846819297946,0.002776266712087669
2024-05-08,0.3791956098098687,0.0017354587104056955
2024-05-09,0.4317227920565971,0.0014270296725103504
2024-05-10,0.41089054705416966,0.0011728048055237423
2024-05-13,0.4643364326131246,0.0014082124427062248
2024-05-14,0.5091410731538876,0.001312115530873829
2024-05-15,0.22893388153713431,0.0007867881217893474
2024-05-16,0.027318996359188746,0.0005148057887961878
2024-05-17,0.07464945109015245,0.00037209292287844025
2024-05-20,0.09564138417659834,0.0003902982085146425
2024-05-21,0.0758448200993526,0.0004046878463670929
2024-05-22,0.1250131271721852,0.000524987048990263
2024-05-23,0.17998417392611898,0.000884822226533377
2024-05-24,0.2730493001096084,0.000619102160103787
2024-05-28,0.14654882177270492,0.0006706714474140459
2024-05-29,0.2362174897090824,0.0025853879531833896
2024-05-30,0.31255383434513334,0.004775491886429322
2024-05-31,0.20382953093921152,0.002151651671103049
2024-06-03,0.1159754098007071,0.002891359481785812
2024-06-04,0.22070752017887885,0.0033573549007523996
2024-06-05,0.06655022787756737,0.0029818337833312433
2024-06-06,0.2122605409255205,0.0010629700307315604
2024-06-07,0.26249602896389224,0.0010470019608350134
2024-06-10,0.5444736821113532,0.0012615578037749756
2024-06-11,0.47446451063513906,0.0012754136731439906
2024-06-12,0.21209167860009795,0.0006949064574052894
2024-06-13,0.37441965255841003,0.0008974578879328935
2024-06-14,0.4771974298600577,0.001195249014032457
2024-06-17,0.2069755871189737,0.0014453790718238326
2024-06-18,0.3189630735067743,0.000859625767077836
2024-06-20,0.43400257537612247,0.0013788117495880014
2024-06-21,0.5315319944854054,0.000849416018141555
2024-06-24,0.6813693584117105,0.0007808013461834603
2024-06-25,0.7268354522872325,0.0008019978527017312
2024-06-26,0.6742128249532365,0.000698114025554742
2024-06-27,0.6319495208677554,0.0005057389084920451
2024-06-28,0.6702139507549036,0.0005910644461935727
2024-07-01,0.5701087320433152,0.0006936500610791905
2024-07-02,0.3482412518507429,0.0005479971828231476
2024-07-03,0.17749772202331682,0.0005401378913537169
2024-07-05,0.38413314257472325,0.0007361426087452083
2024-07-08,0.3557825415472496,0.0004658810093223881
2024-07-09,0.4996020956263121,0.000543930858365804
2024-07-10,0.3882102932247853,0.0006293005799147778
2024-07-11,0.862319930946381,0.0008340982232188724
2024-07-12,0.7358743731881127,0.0007796156441090759
2024-07-15,0.6762265723404876,0.0010878977279126032
2024-07-16,0.24904114422635137,0.0008481972152584663
2024-07-17,0.7371290119509443,0.0010688325205938619
2024-07-18,0.687479445352702,0.002423490089314149
2024-07-19,0.4528371724541825,0.008741162915328235
2024-07-22,0.1726888319460116,0.00586417263614155
2024-07-23,0.10564813030402713,0.006636684999013559
2024-07-24,0.20936944817474792,0.09049927396851265
2024-07-25,0.0107694751761982,0.28292331962813155
2024-07-26,0.008129177570875987,0.21465482216450918
2024-07-29,0.0038202404974701475,0.17688180609896223
2024-07-30,0.00479275421610665,0.2723667178321349
2024-07-31,0.012884539473404547,0.11078974219426667
2024-08-01,0.007545177789829432,0.42357591614197815
2024-08-02,0.007129535931291339,0.6578256332137719
2024-08-05,0.004799999688037117,0.5998648641930998
2024-08-06,0.0025320225879515985,0.8083381269744762
2024-08-07,0.0013503639586156541,0.7863813576557729
2024-08-08,0.004582483685944817,0.8651962203344113
2024-08-09,0.004076560540830244,0.7322822523346381
2024-08-12,0.0075269508782570905,0.3404870619519416
2024-08-13,0.04958197940644838,0.02555860004247057
2024-08-14,0.029376612306215997,0.009091047728254755
2024-08-15,0.16002512665511173,0.002904367013017925
2024-08-16,0.23064796045641137,0.0012999847720085002
2024-08-19,0.24062495622326244,0.0015825200671910299
2024-08-20,0.43074542095462826,0.0010227032850142301
2024-08-21,0.311974187580535,0.0015484825064146443
2024-08-22,0.5677071472287908,0.0019541266012577884
2024-08-23,0.3957925295758417,0.0011307894021216059
2024-08-26,0.5244196414357929,0.0013457899080806307
2024-08-27,0.3985477650441133,0.0007929359781239869
2024-08-28,0.3123762919456563,0.0023971181256029674
2024-08-29,0.45850414231690456,0.0013115923224583873
2024-08-30,0.26129682550111694,0.0010397727071519488
2024-09-03,0.2997214003783183,0.014575931819490302
2024-09-04,0.2341572918594926,0.03239089277520352
2024-09-05,0.11531358682665938,0.061983550047506886
2024-09-06,0.0245538395277211,0.5084592447248201
2024-09-09,0.007743626342883131,0.5251269488453026
2024-09-10,0.005882448320472152,0.43456799014863545
2024-09-11,0.015317194085964976,0.12618354093242273
2024-09-12,0.03567105719652189,0.017764478463909928
2024-09-13,0.019475878975881947,0.0030954924538810513
2024-09-16,0.02512058610094348,0.003364412143015359
2024-09-17,0.09490292292845941,0.002775847755726007
2024-09-18,0.14864587534407622,0.0034509626958121077
2024-09-19,0.13113342738810452,0.0023097679820400087
2024-09-20,0.1893911299418244,0.0019129734412964847
2024-09-23,0.10542493338541754,0.0012459160818890016
2024-09-24,0.13882875539537717,0.001278556299804005
2024-09-25,0.2559587912448518,0.0013088828333927775
2024-09-26,0.14359469378345824,0.0010897160856930025
2024-09-27,0.18587877299542999,0.0013541265492330596
2024-09-30,0.12026808947951224,0.0014050657133671516
2024-10-01,0.14177712728161276,0.002681417868419776
2024-10-02,0.05582002441375936,0.0021177382669590843
2024-10-03,0.03981860401550816,0.003816506023304274
2024-10-04,0.019532717044221114,0.0022470776343014357
2024-10-07,0.044788512576640245,0.009628668964628965
2024-10-08,0.024008792845190027,0.0064872291434347465
2024-10-09,0.02815012858416302,0.004429792577657497
2024-10-10,0.03123918204918251,0.003765226767281573
2024-10-11,0.021985152365689754,0.002429855268726069
2024-10-14,0.01866640010308448,0.0017888091855729135
2024-10-15,0.06832695250047903,0.0020217267128051736
2024-10-16,0.09269051475977923,0.0014294194957537112
2024-10-17,0.1527410272658259,0.0017789747043635863
2024-10-18,0.06394102750966937,0.0015030613132254482
2024-10-21,0.36646615648379893,0.001390638571984467
2024-10-22,0.10491230764451415,0.0015753054079325993
2024-10-23,0.08224269021149244,0.00294687041284925
2024-10-24,0.04923103817694192,0.0019983936943290636
2024-10-25,0.032820677409710626,0.003165642656671892
2024-10-28,0.033656982225109884,0.004049552505499993
2024-10-29,0.024851652036755822,0.004199813577732573
2024-10-30,0.02751596054377553,0.004850114559469148
2024-10-31,0.005370816509527947,0.19415967368498957
2024-11-01,0.004566318168835348,0.29183061684766876
2024-11-04,0.0022165843108356135,0.32550709199616695
2024-11-05,0.0011098772631018446,0.1659617740073617
2024-11-06,0.006331860474227624,0.01416030597106424
2024-11-07,0.0235281653200498,0.002544693487847622
2024-11-08,0.040953644536921734,0.0013082932371887457
2024-11-11,0.04112790458093835,0.0012121974188310169
2024-11-12,0.10354491490640168,0.0015445697119006515
2024-11-13,0.15484626413223376,0.0007977783747453339
2024-11-14,0.2092740380411251,0.0006444301039891337
2024-11-15,0.1526610064711332,0.002324389461769259
2024-11-18,0.11476806717418332,0.0017543957091089412
2024-11-19,0.04787506307845871,0.0021273622149410956
2024-11-20,0.060577216972907154,0.002201345839216696
2024-11-21,0.03706759545182634,0.0020573115800071235
2024-11-22,0.014042210562501233,0.0010769901721991795
2024-11-25,0.012983785205720468,0.0010596619821701518
2024-11-26,0.01639647546419733,0.0007862075169935943
2024-11-27,0.06254965010628499,0.0007641313438184915
2024-11-29,0.018483216944275214,0.0005639281998468123
2024-12-02,0.022322075946085384,0.000521363535252097
2024-12-03,0.035423810814210886,0.00044095869779844026
2024-12-04,0.03970976260881464,0.0003673300134011208
2024-12-05,0.12672933000735995,0.0003367036668373926
2024-12-06,0.14326192595434328,0.00027031017495558247
2024-12-09,0.16271511379465564,0.00043820990471899254
2024-12-10,0.32365168956619944,0.0005464486718179373
2024-12-11,0.18065548654131702,0.0005292228698984012
2024-12-12,0.22302044337707802,0.000811571803383944
2024-12-13,0.2027619267272339,0.0009023448098729536
2024-12-16,0.40585738128876536,0.0008593718993336083
2024-12-17,0.23293194901455302,0.0012787699167048994
2024-12-18,0.04091619321688784,0.1296526654056749
2024-12-19,0.019750418415468637,0.506470584058389
2024-12-20,0.006819009944963851,0.24791835793652192
2024-12-23,0.007038642740584588,0.2904453981549516
2024-12-24,0.010971541318042642,0.052356402943524706
2024-12-26,0.012232944593698841,0.006996117121975581
2024-12-27,0.015563324629501066,0.02310727943652742
2024-12-30,0.01581406830929035,0.21527336692199672
2024-12-31,0.007559782146246047,0.37340234854490334
2025-01-02,0.005766369107211763,0.3325515153405971
2025-01-03,0.003359258089117872,0.13843238352526369
2025-01-06,0.005756178521244686,0.018124084462020275
2025-01-07,0.006990351694189837,0.05854127903570161
2025-01-08,0.008110780468915767,0.1049475309616853
2025-01-10,0.016628724145411566,0.23356495652191223
2025-01-13,0.01748738909010363,0.21914732056769362
2025-01-14,0.004467509515057176,0.3040560867950099
2025-01-15,0.01049540438237117,0.01734577932756329
2025-01-16,0.005659363171318185,0.011443585752840865
2025-01-17,0.014751068930211718,0.004153321747810906
2025-01-21,0.10075588623969196,0.0038233888969383526
2025-01-22,0.16814607397198555,0.001996118458922686
2025-01-23,0.0679973996836689,0.0016331707977470522
2025-01-24,0.10164324296708459,0.0010314326419779325
2025-01-27,0.23433988887237922,0.004383949880706907
2025-01-28,0.10115827301133073,0.0028066912003884095
2025-01-29,0.11042942891933637,0.002943684141324116
2025-01-30,0.04740441283413016,0.0021151262520130117
2025-01-31,0.05434780985425456,0.0024957364564419274
2025-02-03,0.15796256912518838,0.00547948002799038
2025-02-04,0.03844572984447751,0.005501443856245365
2025-02-05,0.03646619935984911,0.00274543275855451
2025-02-06,0.026435570248893422,0.001853020400887523
2025-02-07,0.058351196221759855,0.003651690207835002
2025-02-10,0.05895202590321547,0.0014679682603036999
2025-02-11,0.035175547076253574,0.001865054176211918
2025-02-12,0.023301110490488913,0.0030173917965944743
2025-02-13,0.03637147826777255,0.001965063214954493
2025-02-14,0.03713554523625224,0.001215446336958587
2025-02-18,0.07518476965366327,0.0009898653466050584
2025-02-19,0.09397613056289396,0.0008928232002366794
2025-02-20,0.11947051872836172,0.0009702623331288322
2025-02-21,0.2270308426757248,0.017330742061599902
2025-02-24,0.16451039754976363,0.05095073052620447
2025-02-25,0.02652111608267378,0.22539426048187547
2025-02-26,0.01554128941738576,0.354144411837153
2025-02-27,0.02257473630072544,0.5170952470966653
2025-02-28,0.010477550091496396,0.4717029990648043
2025-03-03,0.009662505866434188,0.5916736115646684
2025-03-04,0.029470199600572625,0.7756479506135537
2025-03-05,0.019260415597978944,0.8459893377482032
2025-03-06,0.018704607126106193,0.8779099171427269
2025-03-07,0.013771186726897982,0.9482953572257525
2025-03-10,0.010861776102463897,0.9493366750001287
2025-03-11,0.013984656668122195,0.9526121922170487
2025-03-12,0.006364078986616876,0.9407416995223334
2025-03-13,0.009537012716679446,0.9123254033033786
2025-03-14,0.002432148904761488,0.913898440110252
2025-03-17,0.00648189513339427,0.8342920093440288
2025-03-18,0.011699166989579396,0.6848109221273133
2025-03-19,0.010181258910614138,0.4202495943702221
2025-03-20,0.01065330764170228,0.3179563002658347
2025-03-21,0.010286632462631144,0.15757962351977503
2025-03-24,0.08689706595925496,0.03739415181247468
2025-03-25,0.03831820667497609,0.04853779790618878
2025-03-26,0.16550335031598115,0.048618956937313586
2025-03-27,0.1957458255065002,0.09174446391044529
2025-03-28,0.2074114947211407,0.30812075139815
2025-03-31,0.10385625735444358,0.2818288554860748
2025-04-01,0.01775849409373704,0.19715236283080725
2025-04-02,0.026352418017634206,0.09232521355108932
2025-04-03,0.037330469257474255,0.3967786694570203
2025-04-04,0.02956550066804225,0.9062708763901756
2025-04-07,0.03388360630236457,0.7233266806411938
2025-04-08,0.020994617592452098,0.7056008391230764
2025-04-09,0.00682041754477174,0.7874821563800195
2025-04-10,0.006591924126009119,0.8237530790170723
2025-04-11,0.007988944206085431,0.6901823530766014
2025-04-14,0.0030679762149798035,0.321108238193829
2025-04-15,0.0046563150041875135,0.29551027766028404
2025-04-16,0.01144862863977561,0.25211042737101147
2025-04-17,0.006709949627891986,0.27119042158873335
2025-04-21,0.005592264250984909,0.3369299940623951
2025-04-22,0.0021908262050792018,0.26454589903138565
2025-04-23,0.004122997847560707,0.20763082987152978
2025-04-24,0.016396069257737973,0.14793416108945126
2025-04-25,0.024048512577879683,0.04268636360347724
2025-04-28,0.014133259062910783,0.02852704420340935
2025-04-29,0.01747312966934921,0.021748152194418186
2025-04-30,0.017319233923602757,0.018960513695931935
2025-05-01,0.022276691137495686,0.01630552282421192
2025-05-02,0.04029988825649702,0.008015374330480175
2025-05-05,0.045980108840253005,0.007506724866449131
2025-05-06,0.08042692622894358,0.008502704532264609
2025-05-07,0.051407977997473785,0.0062888263136313014
2025-05-08,0.05429011414412671,0.005968228775284056
2025-05-09,0.03109509625286619,0.006691749387621987
2025-05-12,0.15980805595376538,0.011991502470448204
2025-05-13,0.19589159595424865,0.010848821035734924
2025-05-14,0.20409613176275818,0.006849223048024389
2025-05-15,0.16165800561862084,0.005051133167793437
2025-05-16,0.09744299948165298,0.0039918962828917074
2025-05-19,0.06856722941567019,0.0034901439100572113
2025-05-20,0.08847427926828173,0.002245893868654355
2025-05-21,0.21959985838767318,0.003900042560826804
2025-05-22,0.20242955160499998,0.004046749151653002
2025-05-23,0.09188591607893459,0.007862116455857656
2025-05-27,0.017945954837291892,0.007926154026905281
2025-05-28,0.0168366915441128,0.008327908327933642
2025-05-29,0.023484743659985218,0.004610145353536586
2025-05-30,0.0402184839158436,0.005845360783133739
2025-06-02,0.028139389870429438,0.004983444550848707
2025-06-03,0.016832947304359615,0.0034868826156298667
2025-06-04,0.03160383411591844,0.0023588080011116455
2025-06-05,0.06464134599119152,0.0037121165916322307
2025-06-06,0.04671920395304028,0.001965324653332275
2025-06-09,0.04323441098187942,0.0022592043499176364
2025-06-10,0.03748309476450556,0.0019799304696162326
2025-06-11,0.05722647394302292,0.002212022712136698
2025-06-12,0.05398518714827406,0.0016707642040373397
2025-06-13,0.04990027401146818,0.0030114998145706327
2025-06-16,0.037472816866718585,0.0024848005262234816
2025-06-17,0.03272908837730452,0.005385003782334672
2025-06-18,0.0730874566435422,0.005257571976244814
2025-06-20,0.04539025060294836,0.013410723303596078
2025-06-23,0.025124810589403284,0.006560368835695277
2025-06-24,0.023134183641425835,0.0043593727943957924
2025-06-25,0.03682626551459319,0.0022610370975741268
2025-06-26,0.02929433654945536,0.0015390929879639933
2025-06-27,0.04094191738184185,0.000982712109886756
2025-06-30,0.06418443667887662,0.0008003788686211886
2025-07-01,0.11649861357883101,0.0008415560879758884
2025-07-02,0.2999759610047404,0.0007532772401091006
2025-07-03,0.25742043746233306,0.0007168094081220727
2025-07-07,0.5106349052816279,0.0011846612186436432
2025-07-08,0.2313591352303452,0.001023840398267151
2025-07-09,0.22862728280131836,0.000900814231758095
2025-07-10,0.045844203222518594,0.0008994517469595536
2025-07-11,0.16406129881396173,0.0012147002137704206
2025-07-14,0.1757177161279547,0.0014541048636495626
2025-07-15,0.1636953476150084,0.0016698428640088277
2025-07-16,0.18817070456747367,0.0011114401572581215
2025-07-17,0.10627811989919787,0.0009180195825472244
2025-07-18,0.06254334945139328,0.0009572294825072451
2025-07-21,0.07817766124215472,0.0007331318417139011
2025-07-22,0.16009857738648242,0.0007192907860624807
2025-07-23,0.07839869169910355,0.0006400700887384611
2025-07-24,0.09042502442643659,0.0004340341477243447
2025-07-25,0.09704141700527462,0.0005918400925554652
2025-07-28,0.2937764130322432,0.0005640630487952458
2025-07-29,0.6974204441371077,0.0008066148336230273
2025-07-30,0.6077872552366869,0.0007459317383723017
2025-07-31,0.788571533259641,0.000904317807779703
2025-08-01,0.15686690731839423,0.022564560341489553
2025-08-04,0.03712102095734743,0.009489740510597179
2025-08-05,0.02453370399263589,0.01499807435241148
2025-08-06,0.03176951169906455,0.008869424008903616
2025-08-07,0.0326964715573642,0.00682038549812961
2025-08-08,0.013315858339328739,0.001125907222441972
2025-08-11,0.028711862203884164,0.0021347020837583137
2025-08-12,0.014210324711474051,0.0007337833414837557
2025-08-13,0.026995047707283327,0.0005111534180325417
2025-08-14,0.08227529885221445,0.000800286517172764
2025-08-15,0.14744120468474245,0.0009336788584225006
2025-08-18,0.18856784210432434,0.0011206589534678648
2025-08-19,0.05980273814248649,0.001245281245573292
2025-08-20,0.018189736978241767,0.00203980391094393
2025-08-21,0.016891291385569315,0.002960884626715709
2025-08-22,0.008657607799248552,0.00123690663635304
2025-08-25,0.041800768810483634,0.0021505930401687916
2025-08-26,0.07167669120671999,0.001528163464657818
2025-08-27,0.14862281696993387,0.0014750167617613656
2025-08-28,0.1029292639992719,0.0012097688774857865
2025-08-29,0.15425387023684264,0.0012850513943501122
2025-09-02,0.10583689063585115,0.006047104384356843
2025-09-03,0.1074965481924896,0.0041928292460491085
2025-09-04,0.07686743158980551,0.0028998064227334906
2025-09-05,0.08461536894059052,0.002306419086488674
2025-09-08,0.12764434611664144,0.0024041389702142892
2025-09-09,0.2287544246485443,0.0014411082191890445
2025-09-10,0.14363921948788774,0.0017557407268805885
2025-09-11,0.11998035226880437,0.0014975849171147942
2025-09-12,0.14385218012858053,0.0012399016452312533
2025-09-15,0.22286762276400715,0.0015441372390711265
2025-09-16,0.34723614785350443,0.0014309307520955913
2025-09-17,0.39841511610082647,0.0010011680524295268
2025-09-18,0.5856512845845451,0.0007137665861405942
2025-09-19,0.3028581340435743,0.0009208873472000469
2025-09-22,0.385580108689443,0.0011765411360249887
2025-09-23,0.543841236513432,0.0012041829697892672
2025-09-24,0.6905825133991762,0.0018496510355239216
2025-09-25,0.7524305167759312,0.0020892078803868455
2025-09-26,0.6380327682147148,0.0015942626917502011
2025-09-29,0.2681154246318244,0.0018986222286698211
2025-09-30,0.2512179999694741,0.0017323835351059807
2025-10-01,0.34206793473259833,0.0012347316186135495
2025-10-02,0.45080678111242806,0.0009932250986322243
2025-10-03,0.5659101314639575,0.0010510604444518472
2025-10-06,0.6243485997175403,0.0009949107870587896
2025-10-07,0.7733943094308264,0.001305289587491605
2025-10-08,0.7809504553423481,0.001212999332624712
2025-10-09,0.8261361946285116,0.0018153358328660337
2025-10-10,0.24526318444515105,0.1392488272495159
2025-10-13,0.13012782581939353,0.027291120066218172
2025-10-14,0.019993076953743045,0.12602226487147603
2025-10-15,0.023211999052395415,0.07450694040172177
2025-10-16,0.06737713441737984,0.28431015129545717
2025-10-17,0.0666783863263527,0.06187606558033502
2025-10-20,0.02769683452586195,0.02008887946095438
2025-10-21,0.03680119790351247,0.010734068848114316
2025-10-22,0.10472935192186524,0.020283556879965733
2025-10-23,0.06100789717627749,0.010398098739960705
2025-10-24,0.06489826968354229,0.004569106928983422
2025-10-27,0.07984543423922974,0.006495851048191103
2025-10-28,0.12051355218230057,0.0036474696354272776
2025-10-29,0.3318832767150091,0.0025688321335930564
2025-10-30,0.736397109531227,0.0028567991075617353
2025-10-31,0.6083165042759585,0.0026818279371316743
2025-11-03,0.49172717406253796,0.002404265992541837
2025-11-04,0.33058518182760577,0.005422570084695592
2025-11-05,0.2415722472578453,0.00409335346611072
2025-11-06,0.3040124514425857,0.019021908733287535
2025-11-07,0.1885121141048011,0.040934553091397506
2025-11-10,0.09696347453818223,0.02534965956378618
2025-11-11,0.062457056383339905,0.01136946100469377
2025-11-12,0.08570076926696306,0.009653346444652712
2025-11-13,0.07392535685770178,0.08210619479197419
2025-11-14,0.032820035377846404,0.15986193969802776
2025-11-17,0.02205808575695349,0.5303276012152408
2025-11-18,0.011528913216211,0.7163490061856131
2025-11-19,0.005243692761811143,0.6486727452460811
2025-11-20,0.0069348159245799625,0.7977238870641892
2025-11-21,0.006381595916122511,0.7876387761726019
2025-11-24,0.009758768403065873,0.7961563516974489
2025-11-25,0.029487158654192255,0.20169643864338718
2025-11-26,0.05537259854018962,0.02074725021196289
2025-11-28,0.03782359101212839,0.004940921419097927
2025-12-01,0.2366879622379119,0.012127236847586346
2025-12-02,0.3711029386582612,0.007021188747788436
2025-12-03,0.2144319901562617,0.0037203384806281507
2025-12-04,0.22949526994812788,0.0035175465947822776
2025-12-05,0.24726570026913666,0.0015987833094304302
2025-12-08,0.35509960997991136,0.0024993418703255364
2025-12-09,0.42493647934366896,0.0023293756068643247
2025-12-10,0.3377915870519808,0.0015454086590733051
2025-12-11,0.19139586326597205,0.0012048750243939764
2025-12-12,0.5378884757385373,0.0017256553787048277
2025-12-15,0.45645378250097135,0.0018979646677839968
2025-12-16,0.4142635457385731,0.0023665417779653044
2025-12-17,0.1104249230645206,0.03051873101128358
2025-12-18,0.05719044883927687,0.016251484004721
2025-12-19,0.15153677314113473,0.0044576717113311995
2025-12-22,0.14587644573601036,0.002001026932206766
2025-12-23,0.1977334864435467,0.0013342455710951783
2025-12-24,0.11028358768842027,0.000641618335541314
2025-12-26,0.13702105191286343,0.0005934556575993919
2025-12-29,0.19923953938268957,0.0006531474953484134
2025-12-30,0.2670387117789735,0.0006866598567084899
2025-12-31,0.09591744398833935,0.001939243489530041
2026-01-02,0.0721426870285053,0.0016194675820467846
2026-01-05,0.06150637951693363,0.0008769877458771601
2026-01-06,0.08487287071506032,0.0007360427632131898
2026-01-07,0.1902835987912764,0.0008897525276603098
2026-01-08,0.21049073312992891,0.0007855236935576292
2026-01-09,0.22841447795071704,0.0006138378147411167
2026-01-12,0.15711079037870143,0.00068805481181578
2026-01-13,0.2764254499558639,0.0007801225509785582
2026-01-14,0.5384981848893394,0.000963655851317205
2026-01-15,0.38236166745620465,0.0008804932565785588
2026-01-16,0.4411412787531929,0.0008092599190743493
2026-01-20,0.07012308334882283,0.03949466304064058
2026-01-21,0.08223415721637649,0.02421428786170848
2026-01-22,0.06450359170439988,0.00974009782630082
2026-01-23,0.099505624787416,0.0062137383722264275
2026-01-26,0.12841250225793593,0.0036166934504959555
2026-01-27,0.04692150068162857,0.0011205825946583646
2026-01-28,0.1958969778464468,0.0010487966138772104
2026-01-29,0.2919219284888246,0.0020019657515208717
2026-01-30,0.2921317032399881,0.0039035027456889144
2026-02-02,0.1441066976766566,0.002517885816315833
2026-02-03,0.06778234670055565,0.010004064146714535
2026-02-04,0.14690254464151276,0.021863097714412333
2026-02-05,0.034367061395465144,0.16136230434404494
2026-02-06,0.03929644311810601,0.025605535921146033
2026-02-09,0.04846381037508637,0.01954981848707396
2026-02-10,0.10449915841979653,0.012126928894108843
2026-02-11,0.12909137951413932,0.012092922949957957
2026-02-12,0.06308818988286065,0.2259196678906421
2026-02-13,0.011892350126811188,0.26104326623697843
2026-02-17,0.00592518272363041,0.36147822521745027
2026-02-18,0.004218157426753865,0.06834953192938618
2026-02-19,0.01861623400927273,0.08088852763083423
2026-02-20,0.05595429695981613,0.012877176457747717
2026-02-23,0.011496900346840639,0.08112506801015433
2026-02-24,0.11482147996941335,0.02604001490912548
2026-02-25,0.13415068349351325,0.007050220306658973
2026-02-26,0.2110114731209142,0.005342087589379998
2026-02-27,0.07642377171481658,0.016604621627448832
2026-03-02,0.02224437352147079,0.01256619261816251
2026-03-03,0.023693808895810187,0.08067337154565606
2026-03-04,0.019273700530668385,0.03946672874908674
2026-03-05,0.024117248916255107,0.0527779124661932
2026-03-06,0.030570667436044502,0.34797135763458353
2026-03-09,0.04850784116360129,0.3284713074090941
2026-03-10,0.013324569031431983,0.42085070352332976
2026-03-11,0.007522703678987039,0.5239577580924584
2026-03-12,0.009824122252213288,0.8345475910667631
2026-03-13,0.01691479270103403,0.8801289445639561
2026-03-16,0.001740732504814049,0.8464130773845192
2026-03-17,0.0011050019881508172,0.8258526683180349
2026-03-18,0.0026522179275672215,0.8640290554878834
2026-03-19,0.00376689825413338,0.8362788222488184
2026-03-20,0.005827080348532424,0.8238006529954144
2026-03-23,0.004142217478979525,0.8100943161658111
2026-03-24,0.0016153000215238487,0.7652087800487998
2026-03-25,0.00138948555323178,0.685505558915038
2026-03-26,0.0035209346059930347,0.8012623745690516
2026-03-27,0.003634327298172304,0.8504451304548266
2026-03-30,0.0032305793877905275,0.8934072734144677
2026-03-31,0.0003864781814746979,0.9070834655211414
2026-04-01,0.0006458001152078271,0.5836504199376294
2026-04-02,0.0019950805260146357,0.21575286357009724
2026-04-06,0.0068171068469134585,0.09871505546960463
2026-04-07,0.010590863663040124,0.10716982642004702
2026-04-08,0.01896602687045529,0.02880977442496165
2026-04-09,0.013817616343717554,0.00869272844385449
2026-04-10,0.11347711928337201,0.004527101856604004
2026-04-13,0.09956041125782038,0.0036477178732408472
2026-04-14,0.10504322275953526,0.003971184553405787
2026-04-15,0.07336085843101468,0.002827236885444012
2026-04-16,0.09511642657485868,0.002011784305528721
2026-04-17,0.04902933398260512,0.00155391587184283
2026-04-20,0.13289016099528406,0.001561534739959121
2026-04-21,0.25572035959126765,0.0020048623342853278
2026-04-22,0.21875833208513576,0.001346013834469297
2026-04-23,0.08650152198435605,0.0016389999389063298
2026-04-24,0.14074161487422968,0.0017705806164736374
2026-04-27,0.09552292816554651,0.0011243827066941805
2026-04-28,0.17013468219864814,0.001093871086600788
2026-04-29,0.12288111506641945,0.0016794939328030362
2026-04-30,0.061480161748900246,0.0015911908723887102
2026-05-01,0.023640333582168927,0.0017438785515353882
2026-05-04,0.03841145682958582,0.002563365357770819
2026-05-05,0.03724237759672745,0.0017232462173289583
2026-05-06,0.04036017332967148,0.003917771407764247
2026-05-07,0.03603712124179098,0.001754503322093517
2026-05-08,0.030944202729442077,0.0015842215240354158
2026-05-11,0.05797451276996285,0.0015407084613735516
2026-05-12,0.11007721897508833,0.0015287769892106489
2026-05-13,0.02607652803478965,0.001119122901560143
2026-05-14,0.010629058939451054,0.0008194151452500728
2026-05-15,0.01789729276360007,0.0022194466754207037
2026-05-18,0.02033368061561483,0.0027579817204274777
2026-05-19,0.02478449976079559,0.008527442411515788
2026-05-20,0.012449997266575377,0.006717372601640833
2026-05-21,0.005406310542070914,0.005858816247014273
2026-05-22,0.009630172210678706,0.003376223234223655
2026-05-26,0.01342049175702542,0.0025846091962600398
2026-05-27,0.01524597240665955,0.0011968428153926434
2026-05-28,0.009890929378476803,0.0009518950259233607
2026-05-29,0.006930204203030837,0.0008867780813525093
2026-06-01,0.01727257765105661,0.0008401113702715809
2026-06-02,0.021628163237627427,0.0008333633731708581
2026-06-03,0.061376123481900115,0.0011152783762866645
2026-06-04,0.03752263640182635,0.0011993046674175496
2026-06-05,0.05537377284545881,0.024259455735842483
2026-06-08,0.06444014997116747,0.0667954137563513
2026-06-09,0.024783667743389776,0.11933851419468226
2026-06-10,0.006623152545185379,0.4774599346034576
2026-06-11,0.00448827660926423,0.522657417379795
2026-06-12,0.002849146618560097,0.38529528230895843
2026-06-15,0.008375089395485728,0.1695263298351601
2026-06-16,0.009725365737841106,0.05903337079350429
2026-06-17,0.008303764154020137,0.20399083118607042
2026-06-18,0.011638449707231907,0.03562418511168668
2026-06-22,0.003411621878393055,0.062065032726374626
2026-06-23,0.0167837897177971,0.387657153062461
2026-06-24,0.010216355926219835,0.4785373797097365
2026-06-25,0.005832697190958598,0.47808844658954097
2026-06-26,0.014658327324097838,0.4843329249408011
2026-06-29,0.012913836680235533,0.24672871993473677
2026-06-30,0.06079045432483652,0.05784462941024578
2026-07-01,0.14935417075806837,0.023843568661131378
2026-07-02,0.21537586859304067,0.013673316827574096
2026-07-06,0.17882742199288812,0.011259975615546106
2026-07-07,0.21311269190881385,0.010538858089192969
2026-07-08,0.36406916974577896,0.007998062958351865
2026-07-09,0.577619108375712,0.004007108144990193
2026-07-10,0.44490359561207576,0.0034080434781822706
2026-07-13,0.5492249787948403,0.004290763897437956
2026-07-14,0.44232770388662374,0.004470324138786453
2026-07-15,0.16093257903844696,0.00172765336205103
2026-07-16,0.18078461594398068,0.002371583221974136
2026-07-17,0.18183608574454543,0.013109658744071979
2026-07-20,0.17186762246700327,0.05712546215093778
2026-07-21,0.08685844433166817,0.014843822281191013
2026-07-22,0.06114004494218713,0.011023217067234187
2026-07-23,0.07807637585338525,0.06340088918774807
2026-07-24,0.020091155069645823,0.09229742216520324
2026-07-27,0.024126630585358754,0.1343511742624841
2026-07-28,0.02910317260818182,0.07944221685115029
2026-07-29,0.03159144295856959,0.32095012552047186
2026-07-30,0.008907958091106524,0.14212784134134013
2026-07-31,0.011796247934920847,0.07612570834700115
